deploy_id,leg,date_start,date_stop,time_start,time_stop,moonAlt,moonAz,moonHor,disc_id,depth (m),fish_vial,fish_age (dph),bin_id,batch_id,fish_id,lat_start,lon_start,lat_stop,lon_stop,sky,sea,wind_dir,wind_speed,tide,location,Location_Conservative,start_wp,end_wp,drift_direction,drift_distance,In_Behavior,Out_Behavior,cam_OK,comments,larvae_ok,Success,status,tracking_notes,,
1,6/3/2016,6/3/2016,6/3/2016,9:49:00,10:09:00,82,109,TRUE,B,9,6,9,19,19,1,16'48.842,88'04'373,16'48.947,88'04.389,cloudy,4,100,13.7,ebb,near,near,16,x,315,145,3,3,,fish may be 9 dph,not retrieved,,,,,
2,6/3/2016,6/3/2016,6/3/2016,10:18:00,10:38:00,87,166,TRUE,B,9,3,10,16,16,2,16'48.947,88'04.389,16'49.010,88'04.377,cloudy,4,100,13.2,ebb,near,near,x,x,,,3,3,,fish may be 9 dph,not retrieved,,,,,
3,6/3/2016,6/3/2016,6/3/2016,10:51:00,11:11:00,82,250,TRUE,B,9,5,9,19,19,3,16'49.010,88'04.377,16'49.112,88'04.417,cloudy,4,100,18.6,ebb,near,near,17,x,315,130,3,4,,fish may be 9 dph, larvae looked great, dive boat nearby, pomacentrid outside on larva removal,not retrieved,,
4,6/3/2016,6/3/2016,6/3/2016,11:25:00,11:45:00,75,262,TRUE,B,9,4,10,16,16,4,16'49.112,88'04.417,16'49.976,88'04.336,cloudy,4,100,13.8,ebb,near,near,18,x,315,116,3,3,,fish may be 9 dph, larvae not so healthy, moved DISC after trial, pomacentrid outside on larva drop-off,larva returned to boat,,
5,6/3/2016,6/3/2016,6/3/2016,12:23:00,12:43:00,62,269,TRUE,B,9,6,9,19,19,5,16'49.976,88'04.336,x,x,cloudy,4,100,8.9,ebb,near,near,19,x,,,3,3,,fish may be 9 dph, larvae retrieved not by SCUBA, tide changed but double check archive, finish waypoint was 20,not retrieved,,
6,6/4/2016,6/4/2016,6/4/2016,9:20:00,9:40:00,62,86,TRUE,A,9,9,9,21,21,6,16'48.960,88'04.229,16'48.912,88'04.290,cloudy rain,2,320,8,ebb,far,far,21,x,135,31,3,2,,need to confirm these ages with john, larvae whirling a little, pilot fishes around DISC,larva returned to boat,,,
7,6/4/2016,6/4/2016,6/4/2016,9:50:00,10:10:00,69,87,TRUE,A,9,4,9,21,21,7,16'48.912,88'04.290,16'48.900,88'04.286,cloudy,2,330,8,ebb,far,far,22,x,225,58,3,2,,need to confirm these ages with john, larva upside down at start,larva returned to boat,,,,
8,6/4/2016,6/4/2016,6/4/2016,10:18:00,10:38:00,75,88,TRUE,A,9,60,9,21,21,8,16'48.900,88'04.286,16'48.887,88'04.297,light clouds,2,320,8.3,ebb,far,far,23,x,45,25,3,4,,need to confirm these ages with john, pilot fish around, larvae looked good,larva returned to boat,,,
9,6/4/2016,6/4/2016,6/4/2016,10:46:00,11:06:00,82,90,TRUE,A,9,5,9,21,21,9,16'48.887,88'04.297,16'46.804,88'04.245,clear,2,340,7.6,ebb,far,far,24,x,270,30,3,3,,need to confirm these ages with john, pilot fish around, camera looking foggy,larva returned to boat,,,
10,6/4/2016,6/4/2016,6/4/2016,11:22:00,11:42:00,90,256,TRUE,A,9,3,10,19,19,10,16'46.804,88'04.245,16'48.801,88'04.245,clear,2,40,8.1,ebb,far,far*,25,x,45,100,3,3,,need to confirm these ages with john, changed camera with start/stop of 1113 ON and 1117 STOP,larva returned to boat,,,,
11,6/4/2016,6/4/2016,6/4/2016,11:56:00,12:16:00,82,271,TRUE,A,9,6,9,21,21,11,16'48.801,88'04.245,x,x,clear,2,0,8.8,ebb,far,far,26,x,,,3,3,,need to confirm these ages with john, SHAAAAAAARRRK, also a pomacentrid settler, did not recover larva, wp 27 was DISC pulled up to boat,dead larva captured at dock from DISC,
12,6/5/2016,6/5/2016,6/5/2016,9:25:00,9:45:00,49,82,TRUE,A,9,3,10,21,21,12,16'48.986,88'04.290,16'48.976,88'04.267,cloudy,1,180,8.1,ebb,far,far,29,x,,,3,3,,first deployment 2 larvae 2 DISC larva in at 9:15 wahoo,not retrieved,,,,,
13,6/5/2016,6/5/2016,6/5/2016,9:25:00,9:45:00,49,82,TRUE,B,9,1,10,21,21,13,16'48.986,88'04.290,16'48.976,88'04.267,cloudy,1,180,8.1,ebb,far,far,29,x,,,3,3,,wahoo,not retrieved,,,,,
14,6/5/2016,6/5/2016,6/5/2016,10:01:00,10:21:00,58,83,TRUE,A,9,2,10,21,21,14,16'48.976,88'04.267,16'48.990,88'04.253,cloudy,1,180,8,ebb,far,far,30,x,0,50,3,3,,larva in at 9:56,not retrieved,,,,,
15,6/5/2016,6/5/2016,6/5/2016,10:01:00,10:21:00,58,83,TRUE,B,9,4,10,21,21,15,16'48.976,88'04.267,16'48.990,88'04.253,cloudy,1,180,8,ebb,far,far,30,x,0,50,3,3,,,not retrieved,,,,,
16,6/5/2016,6/5/2016,6/5/2016,10:37:00,10:57:00,66,83,TRUE,A,9,9,10,21,21,16,16'48.990,88'04.253,16'49.015,88'04.244,cloudy,1,190,8,ebb,far,far,32,x,,,3,3,,larva in at 10:29, boat drove by,not retrieved,,,,
17,6/5/2016,6/5/2016,6/5/2016,10:37:00,10:57:00,66,83,TRUE,B,9,60,10,21,21,17,16'48.990,88'04.253,16'49.015,88'04.244,cloudy,1,190,8,ebb,far,far,32,x,,,3,3,,boat drove by, larva inside,,,,,
18,6/5/2016,6/5/2016,6/5/2016,11:10:00,11:30:00,74,83,TRUE,A,9,7,10,21,21,18,16'49.015,88'04.244,16'49.036,88'04.231,cloudy,1,260,8,ebb,far,far,33,x,45,60,3,3,,larva in at 11:04, 32 wp is the same,not retrieved,,,,
19,6/5/2016,6/5/2016,6/5/2016,11:10:00,11:30:00,74,83,TRUE,B,9,8,10,21,21,19,16'49.015,88'04.244,16'49.036,88'04.231,cloudy,1,260,8,ebb,far,far,33,x,45,60,3,3,,32 wp is the same,not retrieved,,,,,
20,6/5/2016,6/5/2016,6/5/2016,11:47:00,12:07:00,82,78,TRUE,A,9,11,10,21,21,20,16'49.036,88'04.231,x,x,mixed,1,200,8,ebb,far,far,34,x,45,35,3,3,,35 wp is the same, wp 36 might be the pick up,not retrieved,,,,
21,6/7/2016,6/7/2016,6/7/2016,9:24:00,9:44:00,22,78,TRUE,A,9,8,18,9,9,21,16'48'955,88'04.299,16'48.879,88'04.332,cloudy,2,260,8,flood,far,far,37,x,225,167,3,4,,larva looks good, in at 9:19,retrieved,,,,
22,6/7/2016,6/7/2016,6/7/2016,9:24:00,9:44:00,22,78,TRUE,B,9,4,18,9,9,22,16'48'955,88'04.299,16'48.879,88'04.332,cloudy,2,260,8,flood,far,far,37,x,225,167,3,4,,larva looks good,retrieved,,,,,
23,6/7/2016,6/7/2016,6/7/2016,10:01:00,10:21:00,31,79,TRUE,A,9,60,18,9,9,23,16'48.879,88'04.332,16'48.793,88'04.355,cloudy,2,260,8,flood,near,near*,38,x,180,119,3,3,,larva in 9:54,retrieved,,,,,
24,6/7/2016,6/7/2016,6/7/2016,10:01:00,10:21:00,31,79,TRUE,B,9,1,18,9,9,24,16'48.879,88'04.332,16'48.793,88'04.355,cloudy,2,260,8,flood,near,near*,38,x,180,119,3,4,,For each of the deployement of DISC B the compass was not working,not retrieved,,,,,
25,6/7/2016,6/7/2016,6/7/2016,10:37:00,10:57:00,39,81,TRUE,A,9,5,18,9,9,25,16'48.793,88'04.355,16'48.710,88'04.360,cloudy,2,250,8,flood,near,near*,39,x,180,150,3,3,,Remoras on the drogue, 10:29 larva in,retrieved,,,,
26,6/7/2016,6/7/2016,6/7/2016,10:37:00,10:57:00,39,81,TRUE,B,9,3,18,9,9,26,16'48.793,88'04.355,16'48.710,88'04.360,cloudy,2,250,8,flood,near,near*,39,x,180,150,3,3,,Remoras on drogue,retrieved,,,,,
27,6/7/2016,6/7/2016,6/7/2016,11:15:00,11:35:00,48,83,TRUE,A,9,11,18,9,9,27,16'48.710,88'04.360,16'48.647,88'04.367,cloudy,2,250,9,ebb,near,near,x,x,,,3,3,,Remoras, larva in at 11:08,retrieved,,,,
28,6/7/2016,6/7/2016,6/7/2016,11:15:00,11:35:00,48,83,TRUE,B,9,2,18,9,9,28,16'48.710,88'04.360,16'48.647,88'04.367,cloudy,2,250,9,ebb,near,near,x,x,,,3,3,,Remoras,retrieved,,,,,
29,6/7/2016,6/7/2016,6/7/2016,11:54:00,12:14:00,56,84,TRUE,A,9,9,18,9,9,29,16'48.647,88'04.367,16'48.564,88'04.348,cloudy,1,250,9,ebb,near,near,40,x,135,221,3,3,,Remoras, larva dead and changed,retrieved,,,,
30,6/7/2016,6/7/2016,6/7/2016,11:54:00,12:14:00,56,84,TRUE,B,9,12,18,9,9,30,16'48.647,88'04.367,16'48.564,88'04.348,cloudy,1,250,9,ebb,near,near,40,x,135,221,3,3,,Remoras, larva does not look great,retrieved dead,,,,
31,6/7/2016,6/7/2016,6/7/2016,12:24:00,12:44:00,63,85,TRUE,A,9,7,18,9,9,31,16'48.564,88'04.348,x,x,cloudy,1,230,9,ebb,far,far*,41,x,,,3,4,,Remoras,retrieved,,,,,
32,6/8/2016,6/8/2016,6/8/2016,9:06:00,9:26:00,5,75,TRUE,A,9,1,19,9,9,32,16'48.921,88'04.305,16'48.769,88'04.319,cloudy,1,x,0,flood,far,far,42,x,180,300,3,4,,larva in at 8:57, great behavior observed,retrieved,,,,
33,6/8/2016,6/8/2016,6/8/2016,9:06:00,9:26:00,5,75,TRUE,B,9,2,19,9,9,33,16'48.921,88'04.305,16'48.769,88'04.319,cloudy,1,x,0,flood,far,far,42,x,180,300,3,4,,great behavior observed,retrieved,,,,,
34,6/8/2016,6/8/2016,6/8/2016,9:46:00,10:06:00,14,78,TRUE,A,9,3,19,9,9,34,16'48.769,88'04.319,16'48.769,88'04.319,cloudy,1,x,0,flood,far,far*,43,x,180,350,3,3,,larva in at 9:37, larva retrieved dead,not retrieved,,,,
35,6/8/2016,6/8/2016,6/8/2016,9:46:00,10:06:00,14,78,TRUE,B,9,4,19,9,9,35,16'48.769,88'04.319,16'48.769,88'04.319,cloudy,1,x,0,flood,far,far*,43,x,180,350,3,3,,,retrieved,,,,,
36,6/8/2016,6/8/2016,6/8/2016,10:25:00,10:45:00,24,80,TRUE,A,9,6,19,9,9,36,16'48.769,88'04.319,16'48.409,88'04.379,cloudy,1,x,0,flood,near,near*,44,x,180,360,3,3,,larva in 10:18,retrieved,,,,,
37,6/8/2016,6/8/2016,6/8/2016,10:25:00,10:45:00,24,80,TRUE,B,9,5,19,9,9,37,16'48.769,88'04.319,16'48.409,88'04.379,cloudy,1,x,0,flood,near,near*,44,x,180,360,3,3,,,retrieved,,,,,
38,6/8/2016,6/8/2016,6/8/2016,11:06:00,11:26:00,33,82,TRUE,A,9,7,19,9,9,38,16'48.409,88'04.379,16'48.208,88.04.404,cloudy,1,x,0,flood,near,near*,45,x,180,340,3,3,,larva in 10:59, camera replaced bc of fog and empty battery,retrieved,,,,
39,6/8/2016,6/8/2016,6/8/2016,11:06:00,11:26:00,33,82,TRUE,B,9,8,19,9,9,39,16'48.409,88'04.379,16'48.208,88.04.404,cloudy,1,x,0,flood,near,near*,45,x,180,340,3,3,,,retrieved,,,,,
40,6/8/2016,6/8/2016,6/8/2016,11:46:00,12:06:00,42,84,TRUE,A,9,11,19,9,9,40,16'48.208,88.04.404,16'47.980,88'04.333,cloudy,1,x,0,flood,near,near*,46,x,180,450,3,3,,larva in 11:38,retrieved,,,,,
41,6/8/2016,6/8/2016,6/8/2016,11:46:00,12:06:00,42,84,TRUE,B,9,9,19,9,9,41,16'48.208,88.04.404,16'47.980,88'04.333,cloudy,1,x,0,flood,near,near*,46,x,180,450,3,3,,,not retrieved,,,,,
42,6/8/2016,6/8/2016,6/8/2016,12:25:00,12:45:00,51,86,TRUE,A,9,12,19,9,9,42,16'47.980,88'04.333,16'47.748,88'04.393,cloudy,1,x,0,ebb,near,near*,47,x,135,540,3,3,,larva in 12:18, was dead,retrieved dead,,,,
43,6/8/2016,6/8/2016,6/8/2016,12:25:00,12:45:00,51,86,TRUE,B,9,43,19,9,9,43,16'47.980,88'04.333,16'47.748,88'04.393,cloudy,1,x,0,ebb,near,near*,47,x,135,540,3,3,,was dead when deployed likely,retrieved dead,,,,,
44,6/8/2016,6/8/2016,6/8/2016,1:20:00,1:40:00,64,90,TRUE,B,9,60,19,9,9,44,16'47.748,88'04.393,16'47.421,88'04.299,cloudy,1,x,0,ebb,far,far*,48,x,,,3,3,,,retrieved,,,,,
45,6/9/2016,6/9/2016,6/9/2016,9:11:00,9:31:00,-3,75,FALSE,A,18,8,20,9,9,45,16'48.961,88'04.317,16'48.892,88'04.358,cloudy,1,130,8,flood,near,near,49,x,225,220,3,5,,great in/out behavior, larva in at 8:59, 9:03 drop time,retrieved,,,
46,6/9/2016,6/9/2016,6/9/2016,9:11:00,9:31:00,-3,75,FALSE,B,18,4,20,9,9,46,16'48.961,88'04.317,16'48.892,88'04.358,cloudy,1,130,8,flood,near,near,49,x,225,220,3,5,,great in/out behavior, larva in 9:07,retrieved,,,,
47,6/9/2016,6/9/2016,6/9/2016,10:03:00,10:23:00,7,79,TRUE,A,18,2,20,9,9,47,16'48.892,88'04.358,16'48.776,88'04.403,cloudy,1,100,8,flood,near,near,50,x,225,210,3,5,,great in/out behavior, larva in 9:49,retrieved,,,,
48,6/9/2016,6/9/2016,6/9/2016,10:03:00,10:23:00,7,79,TRUE,B,18,1,20,9,9,48,16'48.892,88'04.358,16'48.776,88'04.403,cloudy,1,100,8,flood,near,near,50,x,225,210,3,5,,great in/out behavior,,retrieved,,,,
49,6/9/2016,6/9/2016,6/9/2016,10:51:00,11:11:00,17,82,TRUE,A,18,12,20,9,9,49,16'48.776,88'04.403,16'48.671,88'04.444,mixed,1,x,0,flood,near,near,51,x,180,85,3,5,,great in/out behavior, larva in 10:34, drop 10:36, pickup wp 52,retrieved,,
50,6/9/2016,6/9/2016,6/9/2016,10:51:00,11:11:00,17,82,TRUE,B,18,3,20,9,9,50,16'48.776,88'04.403,16'48.671,88'04.444,mixed,1,x,0,flood,near,near,51,x,180,85,3,5,,great in/out behavior, larva in 10:48, pickup wp 52,retrieved,,,
51,6/10/2016,6/10/2016,6/10/2016,9:31:00,9:51:00,-13,76,FALSE,A,18,11,21,9,9,51,16'49.404,88'04.161,16'49.046,88'04.175,light clouds,1,0,5,flood,far,far,53,x,197,200,3,3,,lost balance at start but good out behavior, larva in 9:20, drop 9:24,not retrieved,,,
52,6/10/2016,6/10/2016,6/10/2016,9:31:00,9:51:00,-13,76,FALSE,B,18,12,21,9,9,52,16'49.404,88'04.161,16'49.046,88'04.175,light clouds,1,0,5,flood,far,far,53,x,197,200,3,5,,great in/out, larva in 9:28,not retrieved,,,,
53,6/10/2016,6/10/2016,6/10/2016,10:19:00,10:39:00,-1,79,FALSE,B,9,7,21,9,9,53,16'49.046,88'04.175,16'48.893,88'04.167,light clouds,1,x,0,flood,far,far,54,x,178,270,3,4,,good in behavior but dead at the end,not retrieved,,,,,
54,6/10/2016,6/10/2016,6/10/2016,11:03:00,11:23:00,-1,79,FALSE,A,9,2,21,9,9,54,16'48.893,88'04.167,16'48.751,88'04.178,clear,1,350,5,flood,far,far,55,x,196,190,3,4,,great in/out behavior,retrieved,,,,,
55,6/10/2016,6/10/2016,6/10/2016,11:03:00,11:23:00,8,83,TRUE,B,9,1,21,9,9,55,16'48.893,88'04.167,16'48.751,88'04.178,clear,1,350,5,flood,far,far,55,x,196,190,3,3,,great in but not good out behavior, larva in at 10:58,retrieved,,,,
56,6/10/2016,6/10/2016,6/10/2016,11:43:00,12:03:00,17,85,TRUE,A,9,9,21,9,9,56,16'48.751,88'04.178,16'48.620,88'04.201,clear,1,10,5,flood,far,far,56,x,191,249,3,5,,great behavior observed, larva in 11:33,retrieved,,,,
57,6/10/2016,6/10/2016,6/10/2016,11:43:00,12:03:00,17,85,TRUE,B,9,4,21,9,9,57,16'48.751,88'04.178,16'48.620,88'04.201,clear,1,10,5,flood,far,far,56,x,191,249,3,5,,great behavior,retrieved,,,,,
58,6/10/2016,6/10/2016,6/10/2016,12:23:00,12:43:00,26,88,TRUE,A,9,3,21,9,9,58,16'48.620,88'04.201,16'48.526,88'04.245,clear,1,30,5,flood,far,far,57,x,190,339,3,5,,great in/out behavior, larva in 12:06,retrieved,,,,
59,6/10/2016,6/10/2016,6/10/2016,12:23:00,12:43:00,26,88,TRUE,B,9,6,21,9,9,59,16'48.620,88'04.201,16'48.526,88'04.245,clear,1,30,5,flood,far,far,57,x,190,339,3,5,,great in/out,retrieved,,,,,
60,6/10/2016,6/10/2016,6/10/2016,12:55:00,13:15:00,34,90,TRUE,B,9,8,21,9,9,60,16'48.526,88'04.245,x,x,,1,30,5,flood,far,far,58,x,,,3,5,,great in/out behavior, wp 59 was pick up and DISC out,,,,,
61,6/11/2016,6/11/2016,6/11/2016,10:09:00,10:29:00,-16,79,FALSE,A,18,5,22,9,9,61,16'49.044,88'04.121,16'49.013,88'04.142,cloudy,3,150,8,flood,far,far,60,x,199,98,3,3,,larva in 9:57, drop at 10:02, ok and behavior bad, many fishes nearby,retrieved,,
62,6/11/2016,6/11/2016,6/11/2016,10:09:00,10:29:00,-16,79,FALSE,B,18,43,22,9,9,62,16'49.013,88'04.142,16'49.013,88'04.142,cloudy,3,150,8,flood,far,far,60,x,199,98,3,3,,larva in 10:06, good and behavior bad, out behavior,retrieved,,,
63,6/11/2016,6/11/2016,6/11/2016,10:59:00,11:19:00,-4,83,FALSE,A,18,12,22,9,9,63,16'49.013,88'04.142,16'48.985,88'04.190,light clouds,3,150,,flood,far,far,61,x,249,33,3,5,,larva in 10:43, drop 10:46, great behavior, many fishes nearby,retrieved,,
64,6/11/2016,6/11/2016,6/11/2016,10:59:00,11:19:00,-4,83,FALSE,B,18,3,22,9,9,64,16'49.013,88'04.142,16'48.985,88'04.190,light clouds,3,150,,flood,far,far,61,x,249,33,3,5,,larva in 10:56, great behavior,not retrieved,,,,
65,6/11/2016,6/11/2016,6/11/2016,11:51:00,12:11:00,7,86,TRUE,A,18,9,22,9,9,65,16'48.985,88'04.190,16'48.887,88'04.127,cloudy,2,120,8,flood,far,far,x,x,149,210,3,5,,drop 11:35, great behavior,retrieved,,,,
66,6/11/2016,6/11/2016,6/11/2016,11:51:00,12:11:00,7,86,TRUE,B,18,11,22,9,9,66,16'48.985,88'04.190,16'48.887,88'04.127,cloudy,2,120,8,flood,far,far,x,x,149,210,3,3,,,retrieved,,,,,
67,6/11/2016,6/11/2016,6/11/2016,12:36:00,12:56:00,18,89,TRUE,A,18,6,22,9,9,67,16'48.887,88'04.127,x,x,mixed,2,120,8,flood,far,far,62,x,,,3,5,,great behavior, lot of fishes nearby,retrieved,,,,
68,6/11/2016,6/11/2016,6/11/2016,12:36:00,12:56:00,18,89,TRUE,B,18,8,22,9,9,68,16'48.887,88'04.127,x,x,mixed,2,120,8,flood,far,far,62,x,,,3,5,,great behavior, lot of fishes nearby,retrieved,,,,
69,6/13/2016,6/13/2016,6/13/2016,9:14:00,9:34:00,-50,71,FALSE,A,18,4,19,20,20,69,16'49.090,88'04.437,16'49.073,88'04.482,clear,4,140,14,ebb,near,near,63,x,248,123,2,3,,larva in 9:03, dropped 9:06, behavior in 2 whirling, behavior out 3,retrieved alive,,
70,6/13/2016,6/13/2016,6/13/2016,9:14:00,9:34:00,-50,71,FALSE,B,18,2,21,18,18,70,16'49.090,88'04.437,16'49.073,88'04.482,clear,4,140,14,ebb,near,near,63,x,248,123,5,,,larva in 9:11, 9:30 boat nearby, 5 behavior mid water, not retrieved,not retrieved,,
71,6/13/2016,6/13/2016,6/13/2016,10:03:00,10:23:00,-39,78,FALSE,A,18,1,21,18,18,71,16'49.073,88'04.482,16'49.043,88'04.545,clear,4,140,14,ebb,near,near,64,x,227,151,2,2,,larva in 9:52, dropped 9:55, behavior 2 whirling,retrieved alive,,,
72,6/13/2016,6/13/2016,6/13/2016,10:03:00,10:23:00,-39,78,FALSE,B,18,8,19,20,20,72,16'49.073,88'04.482,16'49.043,88'04.545,clear,4,140,14,ebb,near,near,64,x,227,151,5,5,,larva in 10:01, behavior 5 mid water,retrieved alive,,,,
73,6/13/2016,6/13/2016,6/13/2016,10:51:00,11:11:00,-29,83,FALSE,A,18,6,19,20,20,73,16'49.043,88'04.545,16'49.080,88'04.264,clear,4,130,14,ebb,near,near,65,x,,,2,2,,larva in 10:37, drop 10:40, behavior 2 whirling, divers in 1 min before trial, on the wall at 11:09,not retrieved,
74,6/13/2016,6/13/2016,6/13/2016,10:51:00,11:11:00,-29,83,FALSE,B,18,11,21,18,18,74,16'49.043,88'04.545,16'49.080,88'04.264,clear,4,130,14,ebb,near,near,65,x,,,2,2,,larva in 10:48,  behavior 2 whirling, divers in 1 min before trial, on the wall at 11:09,not retrieved,,
75,6/13/2016,6/13/2016,6/13/2016,12:02:00,12:22:00,-13,88,FALSE,A,18,43,21,18,18,75,16'49.080,88'04.264,16'49.017,88'04.304,clear,4,100,12,flood,near,near,x,x,,,2,0,,larva in 11:44, drop 11:51, behavior 2 whirling,retrieved dead,,,
76,6/13/2016,6/13/2016,6/13/2016,12:02:00,12:22:00,-13,88,FALSE,B,18,60,18,18,21,76,16'49.080,88'04.264,16'49.017,88'04.304,clear,4,105,12,flood,near,near,x,x,,,3,3,,larva in 11:54, behavior 3 lost balance,retrieved dead,,,,
77,6/13/2016,6/13/2016,6/13/2016,12:48:00,13:08:00,-1,92,FALSE,A,18,12,19,20,20,77,16'49.017,88'04.304,x,x,clear,4,105,12,flood,near,near,67,x,195,40,2,0,,larva in 12:33, larva dropped 12:36, behavior 2 whirling, school of small jacks around,retrieved dead,,
78,6/13/2016,6/13/2016,6/13/2016,12:48:00,13:08:00,-1,92,FALSE,B,18,5,19,20,20,78,16'49.017,88'04.304,x,x,clear,4,105,12,flood,near,near,67,x,195,40,2,0,,behavior 2 whirling,retrieved dead,,,,,
79,6/14/2016,6/14/2016,6/14/2016,9:20:00,9:40:00,-60,71,FALSE,A,18,60,22,17,17,79,16'49.066,88'04.358,16'48.597,88'04.379,clear,3,110,12,ebb,near,near,69,x,213,149,5,4,,larva in 9:09, drop 9:12,retrieved,,,,
80,6/14/2016,6/14/2016,6/14/2016,9:20:00,9:40:00,-60,71,FALSE,B,18,43,22,17,17,80,16'49.066,88'04.358,16'48.597,88'04.379,clear,3,110,12,ebb,near,near,69,x,213,149,5,4,,larva in 9:17,retrieved,,,,,
81,6/14/2016,6/14/2016,6/14/2016,10:07:00,10:27:00,-49,78,FALSE,A,18,12,22,17,17,81,16'48.597,88'04.379,16'48.888,88'04.633,clear,2,80,10,ebb,near,near,70,x,218,137,5,5,,larva in 9:51, drop 9:53,,,,,
82,6/14/2016,6/14/2016,6/14/2016,10:07:00,10:27:00,-49,78,FALSE,B,18,2,22,17,17,82,16'48.597,88'04.379,16'48.888,88'04.633,clear,2,80,10,ebb,near,near,70,x,218,137,5,5,,larva in 10:04,retrieved,,,,,
83,6/14/2016,6/14/2016,6/14/2016,10:56:00,11:16:00,-39,83,FALSE,A,18,5,22,17,17,83,16'48.888,88'04.633,x,x,mixed,2,100,10,ebb,near,near,71,x,229,99,4,3,,gps glitch,retrieved,,,,,
84,6/14/2016,6/14/2016,6/14/2016,10:56:00,11:16:00,-39,83,FALSE,B,18,8,22,17,17,84,16'48.888,88'04.533,x,x,mixed,2,100,10,ebb,near,near,71,x,229,99,4,4,,gps glitch,retrieved,,,,,
85,6/14/2016,6/14/2016,6/14/2016,11:42:00,12:02:00,-28,87,FALSE,A,18,1,22,17,17,85,x,x,x,x,mixed,2,100,8,ebb,near,near,72,x,234,96,3,3,,gps glitch, lava in 11:26, drop 11:30,retrieved,,,
86,6/14/2016,6/14/2016,6/14/2016,11:42:00,12:02:00,-28,87,FALSE,B,18,4,22,17,17,86,x,x,x,x,mixed,2,100,8,ebb,near,near,72,x,234,96,3,3,,gps glitch, larva in 11:39,retrieved,,,,
87,6/14/2016,6/14/2016,6/14/2016,12:29:00,12:49:00,-17,91,FALSE,A,18,6,22,17,17,87,x,x,16'48.842,88'04.503,clear,2,100,10,flood,near,near,73,x,318,52,5,4,,gps entry glitch, larva in 12:13, drop 12:17,retrieved,,,
88,6/14/2016,6/14/2016,6/14/2016,12:29:00,12:49:00,-17,91,FALSE,B,18,11,22,17,17,88,x,x,16'48.842,88'04.503,clear,2,100,10,flood,near,near,73,x,318,52,3,3,,gps entry glitch, larva in 12:26, wp 74 is end of day,retrieved,,,
89,6/16/2016,6/16/2016,6/16/2016,9:05:00,9:25:00,-84,36,FALSE,A,18,1,24,17,17,89,16'49.108,88'04.356,16'49.095,88'04.384,mixed,2,120,10,ebb,near,near,75,x,,,4,4,,gps battery out no WP, larva in 8:52, drop 8:59, filefish around,,,
90,6/16/2016,6/16/2016,6/16/2016,9:05:00,9:25:00,-84,36,FALSE,B,18,2,24,17,17,90,16'49.108,88'04.356,16'49.095,88'04.384,mixed,2,120,10,ebb,near,near,75,x,,,5,5,,gps battery out no WP, larva in 9:01, filefish around,,,,
91,6/16/2016,6/16/2016,6/16/2016,9:50:00,10:10:00,-75,72,FALSE,A,18,60,24,17,17,91,16'49.095,88'04.384,16'49.089,88'04.411,mixed,2,120,10,ebb,near,near,75,x,187,42,2,2,,larva 9:35, drop 9:38, filefish around,,,,
92,6/16/2016,6/16/2016,6/16/2016,9:50:00,10:10:00,-75,72,FALSE,B,18,5,24,17,17,92,16'49.095,88'04.384,16'49.089,88'04.411,mixed,2,120,10,ebb,near,near,75,x,187,42,2,2,,larva in 9:47, filefish around,,,,,
93,6/16/2016,6/16/2016,6/16/2016,10:36:00,10:56:00,-65,82,FALSE,A,18,43,24,17,17,93,16'49.089,88'04.411,16'49.083,88'04.449,mixed,2,120,10,ebb,near,near,76,x,259,81,3,4,,larva in in 10:22, drop 10:25, filefish around,,,,
94,6/16/2016,6/16/2016,6/16/2016,10:36:00,10:56:00,-65,82,FALSE,B,18,6,24,17,17,94,16'49.089,88'04.411,16'49.083,88'04.449,mixed,2,120,10,ebb,near,near,76,x,259,81,2,1,,larva in 10:33, filefish around,,,,,
95,6/16/2016,6/16/2016,6/16/2016,11:27:00,11:47:00,-53,88,FALSE,A,18,8,24,17,17,95,16'49.083,88'04.449,x,x,mixed,2,105,10,ebb,near,near,77,x,266,89,4,3,,larva in 11:09, drop 11:13, filefish around, en wp 78,,,
96,6/16/2016,6/16/2016,6/16/2016,11:27:00,11:47:00,-53,88,FALSE,B,18,4,24,17,17,96,16'49.083,88'04.449,x,x,mixed,2,105,10,ebb,near,near,77,x,266,89,4,3,,larva in 11:23, filefish around, end wp 78,,,,
97,6/18/2016,6/18/2016,6/18/2016,9:15:00,9:35:00,-75,269,FALSE,A,18,1,24,20,20,97,16'49.137,88'04.318,16'49.186,88'04.322,rain,2,120,2,ebb,near,near,78,x,,,4,4,,"Larva in 9:04; drop 9:07; some fishes around, no record, camera A problem",retrieved alive,,,,,
98,6/18/2016,6/18/2016,6/18/2016,9:15:00,9:35:00,-75,269,FALSE,B,18,2,24,20,20,98,16'49.137,88'04.318,16'49.186,88'04.322,rain,2,120,2,ebb,near,near,78,x,,,5,3,,Larva in 9:13,retrieved alive,,,,,
99,6/18/2016,6/18/2016,6/18/2016,10:04:00,10:24:00,-87,275,FALSE,A,18,3,24,20,20,99,16'49.186,88'04.322,16'49.279,88'04.328,cloudy,2,120,2,ebb,near,near,79,x,347,171,4,2,,"Larva in 9:46; drop 9:49; no record, camera A problem",not retrieved,,,,,
100,6/18/2016,6/18/2016,6/18/2016,10:04:00,10:24:00,-87,275,FALSE,B,18,5,14,11,24,100,16'49.186,88'04.322,16'49.279,88'04.328,cloudy,2,120,2,ebb,near,near,79,x,347,171,5,5,,larva in 10:01,lost,,,,,
101,6/18/2016,6/18/2016,6/18/2016,10:52:00,11:12:00,-82,89,FALSE,A,18,6,14,11,24,101,16'49.279,88'04.328,16'49.378,88'04.330,cloudy,2,120,2,ebb,near,near,80,x,3,181,3,3,,"larva in 10:34; drop 10:38; camera off *, turn on but no traces of the record",retrieved alive,,,,,
102,6/18/2016,6/18/2016,6/18/2016,10:52:00,11:12:00,-82,89,FALSE,B,18,12,14,14,25,102,16'49.279,88'04.328,16'49.378,88'04.330,cloudy,2,120,2,ebb,near,near,80,x,3,181,5,4,,larva in 10:49,retrieved alive,,,,,
103,6/18/2016,6/18/2016,6/18/2016,11:41:00,12:01:00,-71,92,FALSE,A,18,60,14,14,25,103,16'49.378,88'04.330,x,x,cloudy,2,120,1,ebb,near,near,81,x,356,152,4,0,,larva in 11:24, drop 11:28, end point wp 82, camera on,retrieved dead,,
104,6/18/2016,6/18/2016,6/18/2016,11:41:00,12:01:00,-71,92,FALSE,B,18,17,14,11,24,104,16'49.378,88'04.330,x,x,cloudy,2,120,1,ebb,near,near,81,x,356,152,4,0,,larva in 11:38,retrieved dead,,,,,
105,2016-06-21-1,6/21/2016,6/21/2016,10:44:00,11:04:00,-75,263,FALSE,A,18,60,18,10,23,105,16'49.029,88'04.303,16'48.983,88'04.341,mixed,3,60,2,ebb,near,near,83,x,,,5,5,,larva in 10:35, drop 10:37,retrieved alive,,,,
106,2016-06-21-1,6/21/2016,6/21/2016,10:44:00,11:04:00,-75,263,FALSE,B,18,5,18,10,23,106,16'49.029,88'04.303,16'48.983,88'04.341,mixed,3,60,2,ebb,near,near,83,x,,,5,5,,larva in 10:44,retrieved alive,,,,,
107,2016-06-21-1,6/21/2016,6/21/2016,11:37:00,11:57:00,-73,263,FALSE,A,18,9,18,10,23,107,16'48.983,88'04.341,x,x,clear,3,60,2,ebb,near,near,84,x,209,159,5,4,,larva in 11:06, drop 11:20,retrieved alive,,,,
108,2016-06-21-1,6/21/2016,6/21/2016,11:37:00,11:57:00,-73,263,FALSE,B,18,7,18,10,23,108,16'48.983,88'04.341,x,x,clear,3,60,2,ebb,near,near,84,x,209,159,5,4,,larva in 11:33, wp end 85,retrieved alive,,,,
109,2016-06-21-2,6/21/2016,6/21/2016,14:50:00,15:10:00,-63,97,FALSE,A,18,63,18,10,23,109,16'49.038,88'04.338,16'48.918,88'04.371,mixed,3,60,3,ebb,near,near,86,x,,,4,2,,larva in 14:35, drop 14:38,retrieved alive,,,,
110,2016-06-21-2,6/21/2016,6/21/2016,14:50:00,15:10:00,-63,97,FALSE,B,18,11,18,10,23,110,16'49.038,88'04.338,16'48.918,88'04.371,mixed,3,60,3,ebb,near,near,86,x,,,5,0,,larva in 14:48,retrieved dead,,,,,
111,2016-06-21-2,6/21/2016,6/21/2016,15:34:00,15:54:00,-53,98,FALSE,A,18,3,18,10,23,111,16'48.918,88'04.371,x,x,light clouds,4,60,3,ebb,near,near,87,x,195,317,5,5,,,,,,,,
112,2016-06-21-2,6/21/2016,6/21/2016,15:34:00,15:54:00,-53,98,FALSE,B,18,60,18,10,23,112,16'48.918,88'04.371,x,x,light clouds,4,60,3,ebb,near,near,87,x,195,317,5,5,,,,,,,,
113,6/22/2016,6/22/2016,6/22/2016,12:45:00,13:05:00,-77,269,FALSE,A,18,1,30,18,18,113,16'49.007,88'04.315,16'48.799,88'04.325,rain,4,90,4,ebb,near,near,89,x,,,5,5,,larva in 12:35, drop 12:39,lost,,,,
114,6/22/2016,6/22/2016,6/22/2016,12:45:00,13:05:00,-77,269,FALSE,B,18,2,30,18,18,114,16'49.007,88'04.315,16'48.799,88'04.325,rain,4,90,4,ebb,near,near,89,x,,,5,0,,larva in 12:43, camera did not record all the trial ?,retrieved dead,,,,
115,6/22/2016,6/22/2016,6/22/2016,13:50:00,14:10:00,-88,80,FALSE,A,18,3,30,18,18,115,16'48.799,88'04.325,16'48.432,88'04.319,rain,4,90,4,ebb,near,near,90,x,184,501,5,1,,"larva in 13:20, drop 13:23",retrieved alive,,,,,
116,6/22/2016,6/22/2016,6/22/2016,13:50:00,14:10:00,-88,80,FALSE,B,18,4,30,18,18,116,16'48.799,88'04.325,16'48.432,88'04.319,rain,4,90,4,ebb,near,near,90,x,184,501,5,5,,larva in 13:47, camera ON 13:38,retrieved alive,,,,
117,6/22/2016,6/22/2016,6/22/2016,14:39:00,14:59:00,-77,90,FALSE,A,18,5,30,17,17,117,16'48.432,88'04.319,16'48.173,88'04.28,cloudy,3,80,3,ebb,near,near,91,x,181,677,5,4,,larva in 14:21, drop 14:24,  (495m off wall),retrieved alive,,,
118,6/22/2016,6/22/2016,6/22/2016,14:39:00,14:59:00,-77,90,FALSE,B,18,6,30,17,17,118,16'48.432,88'04.319,16'48.173,88'04.28,cloudy,3,80,3,ebb,near,near,91,x,181,677,5,0,,larva in 14:35, (495m off wall),retrieved dead,,,,
119,6/22/2016,6/22/2016,6/22/2016,15:26:00,15:46:00,-66,93,FALSE,A,18,7,30,17,17,119,16'48.173,88'04.28,x,x,cloudy,4,0,3,ebb,near,far*,92,x,176,732,5,5,,larva in 15:09, drop 15:12,technically far but could be consider as near (533m off the wall),retrieved alive,,,
120,6/22/2016,6/22/2016,6/22/2016,15:26:00,15:46:00,-66,93,FALSE,B,18,43,28,20,20,120,16'48.173,88'04.28,x,x,cloudy,4,0,3,ebb,near,far*,92,x,176,732,5,5,,larva in 15:24,echnically far but could be consider as near (533m off the wall),retrieved alive,,,,
121,6/24/2016,6/24/2016,6/24/2016,13:53:00,14:13:00,-70,284,FALSE,A,18,1,30,20,20,121,16'49.189,88'04.316,16'49.036,88'04.357,mixed,4,90,4,ebb,near,near,94,x,,,5,5,,"larva in 13:43; drop 13:46; bad weather, more than choppy",retrieved alive,,,,,
122,6/24/2016,6/24/2016,6/24/2016,13:53:00,14:13:00,-70,284,FALSE,B,18,7,30,20,20,122,16'49.189,88'04.316,16'49.036,88'04.357,mixed,4,90,4,ebb,near,near,94,x,,,5,4,,larva in 13:51, bad sea,retrieved alive,,,,
123,6/24/2016,6/24/2016,6/24/2016,14:49:00,15:09:00,-80,305,FALSE,A,18,2,30,20,20,123,16'49.036,88'04.357,16'48.797,88'04.370,mixed,4,90,4,ebb,near,near,95,x,183,420,5,5,,larva in 14:31, drop 14:33, bad sea,retrieved alive,,,
124,6/24/2016,6/24/2016,6/24/2016,14:49:00,15:09:00,-80,305,FALSE,B,18,6,30,20,20,124,16'49.036,88'04.357,16'48.797,88'04.370,mixed,4,90,4,ebb,near,near,95,x,183,420,5,5,,Larva in 14:47, even worst,retrieved alive,,,,
125,6/24/2016,6/24/2016,6/24/2016,15:50:00,16:10:00,-81,47,FALSE,A,18,3,30,20,20,125,16'48.797,88'04.370,x,x,mixed,4,90,4,ebb,near,near,96,x,185,448,5,5,,larva in 15:24, drop 15:29, boat leaves 15:50, all the other larvae are dead, last trial of the day,,
126,2016-06-25-1,6/25/2016,6/25/2016,6:54:00,7:14:00,38,243,TRUE,A,18,2,20,4,26,126,16'49.1826,88'04.4007,16'49.1262,88'04.4574,mixed,4,90,4,ebb,near,near,no boat gps,x,224,150,5,5,,larva in 6:43, drop 6:45, fishes around,retrieved alive,,,
127,2016-06-25-1,6/25/2016,6/25/2016,6:54:00,7:14:00,38,243,TRUE,B,18,1,20,4,26,127,16'49.1826,88'04.4007,16'49.1262,88'04.4574,mixed,4,90,4,ebb,near,near,no boat gps,x,224,150,5,5,,larva in 6:51,retrieved alive,,,,,
128,2016-06-25-1,6/25/2016,6/25/2016,7:45:00,8:05:00,28,250,TRUE,A,18,4,20,4,26,128,16'49.1262,88'04.4574,16'48.9631,88'04.499,mixed,4,90,4,ebb,near,near,no boat gps,x,194,312,2,3,,larva in 7:27, drop 7:31,retrieved alive,,,,
129,2016-06-25-1,6/25/2016,6/25/2016,7:45:00,8:05:00,28,250,TRUE,B,18,3,20,4,26,129,16'49.1262,88'04.4574,16'48.9631,88'04.499,mixed,4,90,4,ebb,near,near,no boat gps,x,194,312,5,5,,larva in 7:43, barracuda,retrieved alive,,,,
130,2016-06-25-2,6/25/2016,6/25/2016,14:52:00,15:12:00,-68,293,FALSE,A,18,8,20,4,26,130,16'49.181,88'04.312,16'49.031,88'04.370,mixed,4+,90,4,ebb,near,near,98 99,x,194,243,2,3,,larva in 14:41, drop 14:43, very high waves, day called after,retrieved alive,,
131,2016-06-25-2,6/25/2016,6/25/2016,14:52:00,15:12:00,-68,293,FALSE,B,18,43,20,4,26,131,16'49.181,88'04.312,16'49.031,88'04.370,mixed,4+,90,4,ebb,near,near,98 99,x,194,243,5,5,,larva in 14:52, day called after because of waves,retrieved alive,,,,
132,6/29/2016,6/29/2016,6/29/2016,9:17:00,9:57:00,60,258,TRUE,A,18,5,18,13,36,132,16'49.181,88'04.316,16'49.003,88'04.362,mixed,2,80,2,ebb,near,near,106,x,193,416,4,4,,larva in 9:08, drop 9:10,retrieved alive,,,,
133,6/29/2016,6/29/2016,6/29/2016,9:17:00,9:57:00,60,258,TRUE,B,18,8,22,8,30,133,16'49.181,88'04.316,16'49.003,88'04.362,mixed,2,80,2,ebb,near,near,106,x,193,416,1,1,,larva in 9:15,retrieved alive,,,,,
134,6/29/2016,6/29/2016,6/29/2016,10:00:00,10:20:00,50,264,TRUE,A,18,2,22,8,30,134,16'49.003,88'04.362,16'48.778,88'04.412,mixed,2,80,2,ebb,near,near,107,x,193,420,4,4,,larva in 9:47, drop 9:50, fish around,retrieved alive,,,
135,6/29/2016,6/29/2016,6/29/2016,10:00:00,10:20:00,50,264,TRUE,B,18,1,22,8,30,135,16'49.003,88'04.362,16'48.778,88'04.412,mixed,2,80,2,ebb,near,near,107,x,193,420,2,2,,larva in 9:58,retrieved alive,,,,,
136,6/29/2016,6/29/2016,6/29/2016,10:45:00,11:05:00,40,268,TRUE,A,18,13,22,8,30,136,16'48.778,88'04.412,x,x,mixed,2,80,2,ebb,near,near,108,x,189,350,4,2,,larva in 10:31, drop 10:33, boat left 10:45, final wp 109,retrieved alive,,
137,6/30/2016,6/30/2016,6/30/2016,9:23:00,9:43:00,72,259,TRUE,A,18,11,24,1,29,137,16'49.209,88'04.282,16'49.025,88'04.358,light clouds,3,90,3,ebb,near,near,110,x,195,477,4,4,,larva in 9:15, drop 9:17,retrieved alive,,,,
138,6/30/2016,6/30/2016,6/30/2016,9:23:00,9:43:00,72,259,TRUE,B,18,8,24,1,29,138,16'49.209,88'04.282,16'49.025,88'04.358,light clouds,3,90,3,ebb,near,near,110,x,195,477,4,4,,larva in 9:23,retrieved alive,,,,,
139,6/30/2016,6/30/2016,6/30/2016,10:13:00,10:33:00,61,266,TRUE,A,18,3,24,1,29,139,16'49.025,88'04.358,16'48.762,88'04.435,rain,4,90,4,ebb,near,near,111,x,198,521,5,3,,larva in 9:57, 9:59 drop,retrieved alive,,,,
140,6/30/2016,6/30/2016,6/30/2016,10:13:00,10:33:00,61,266,TRUE,B,18,5,24,1,29,140,16'49.025,88'04.358,16'48.762,88'04.435,rain,4,90,4,ebb,near,near,111,x,198,521,5,4,,larva in 10:10,retrieved alive,,,,,
141,6/30/2016,6/30/2016,6/30/2016,10:55:00,11:15:00,51,270,TRUE,A,18,1,24,1,29,141,16'48.762,88'04.435,x,x,rain,4,90,4,ebb,near,near,112,x,214,337,5,5,,larva in 10:46, drop 10:48, boat left 10:55,retrieved alive,,,
142,7/1/2016,7/1/2016,7/1/2016,9:29:00,9:49:00,85,258,TRUE,A,18,1,26,4,26,142,16'49.240,88'04.286,16'49.073,88'04.391,mixed,3,90,4,ebb,near,near,114,x,181,270,4,2,,larva in 9:20, drop 9:22,retrieved alive,,,,
143,7/1/2016,7/1/2016,7/1/2016,9:29:00,9:49:00,85,258,TRUE,B,18,2,26,4,26,143,16'49.240,88'04.286,16'49.073,88'04.391,mixed,3,90,4,ebb,near,near,114,x,181,270,5,5,,larva in 9:27,retrieved alive,,,,,
144,7/1/2016,7/1/2016,7/1/2016,10:11:00,10:31:00,75,268,TRUE,A,18,3,26,4,26,144,16'49.073,88'04.391,16'48.974,88'04.301,mixed,3,90,4,ebb,near,near,115,x,186,260,5,4,,larva in 9:59, drop 10:01,retrieved alive,,,,
145,7/1/2016,7/1/2016,7/1/2016,10:11:00,10:31:00,75,268,TRUE,B,18,43,26,4,26,145,16'49.073,88'04.391,16'48.974,88'04.301,mixed,3,90,4,ebb,near,near,115,x,186,260,4,4,,larva in 10:09, fishes,retrieved alive,,,,
146,7/1/2016,7/1/2016,7/1/2016,10:54:00,11:14:00,65,271,TRUE,A,18,11,26,4,26,146,16'48.974,88'04.301,16'48.810,88'04.314,mixed,3,90,4,ebb,near,near,116,x,183,310,5,5,,larva in 10:41, drop 10:44, fishes,retrieved alive,,,
147,7/1/2016,7/1/2016,7/1/2016,10:54:00,11:14:00,65,271,TRUE,B,18,5,26,4,26,147,16'48.974,88'04.301,16'48.810,88'04.314,mixed,3,90,4,ebb,near,near,116,x,183,310,5,5,,larva in 10:52, fishes,retrieved alive,,,,
148,7/1/2016,7/1/2016,7/1/2016,11:43:00,12:03:00,53,274,TRUE,A,18,7,26,4,26,148,16'48.810,88'04.314,16'48.640,88'04.335,clear,2,80,3,ebb,near,near,117,x,192,261,4,4,,larva in 11:27, drop 11:27, remora,retrieved alive,,,
149,7/1/2016,7/1/2016,7/1/2016,11:43:00,12:03:00,53,274,TRUE,B,18,4,26,2,28,149,16'48.810,88'04.314,16'48.640,88'04.335,clear,2,80,3,ebb,near,near,117,x,192,261,4,4,,larva in 11:41, drop 11:43, remora,retrieved alive,,,
150,7/1/2016,7/1/2016,7/1/2016,12:32:00,12:52:00,42,277,TRUE,A,18,9,26,4,26,150,16'48.640,88'04.335,x,x,mixed,3,100,3,ebb,near,near,118,x,194,179,5,5,,larva in 12:18, drop 12:21, remora,not retrieved,,,
151,7/1/2016,7/1/2016,7/1/2016,12:32:00,12:52:00,42,277,TRUE,B,18,8,26,4,26,151,16'48.640,88'04.335,x,x,mixed,3,100,3,ebb,near,near,118,x,194,179,4,5,,larva in 12:29, end wp 119,retrieved alive,,,,
152,7/2/2016,7/2/2016,7/2/2016,9:46:00,10:06:00,85,79,TRUE,A,18,9,8,17,42,152,16'49.322,88'04.249,16'49.580,88'04.199,clear,4+,70,4,ebb,near,far,120,x,15,633,5,5,,larva in 9:37, 9:39 drop,retrieved alive,,,,
153,7/2/2016,7/2/2016,7/2/2016,9:46:00,10:06:00,85,79,TRUE,B,18,2,8,17,42,153,16'49.322,88'04.249,16'49.580,88'04.199,clear,4+,70,4,ebb,near,far,120,x,15,633,5,5,,larva in 9:44,retrieved alive,,,,,
154,7/2/2016,7/2/2016,7/2/2016,10:31:00,10:51:00,84,279,TRUE,A,18,4,8,17,42,154,16'49.580,88'04.199,16'49.646,88'04.204,clear,4+,70,3,ebb,near,far,121,x,15,268,5,5,,larva in 10:16, drop 10:18,retrieved alive,,,,
155,7/2/2016,7/2/2016,7/2/2016,10:31:00,10:51:00,84,279,TRUE,B,18,5,8,17,42,155,16'49.580,88'04.199,16'49.646,88'04.204,clear,4+,70,3,ebb,near,far,121,x,15,268,5,5,,larva in 10:29,retrieved alive,,,,,
156,7/3/2016,7/3/2016,7/3/2016,9:06:00,9:26:00,63,82,TRUE,A,18,3,28,2,28,156,16'49.061,88'04.398,16'49.069,88'04.394,mixed,3,80,3,ebb,near,near,122,x,2,206,5,5,,,retrrieved alive,,,,,
157,7/3/2016,7/3/2016,7/3/2016,9:06:00,9:26:00,63,82,TRUE,B,18,4,28,2,28,157,16'49.061,88'04.398,16'49.069,88'04.394,mixed,3,80,3,ebb,near,near,122,x,2,206,5,5,,,retrrieved alive,,,,,
158,7/3/2016,7/3/2016,7/3/2016,9:47:00,10:07:00,72,82,TRUE,A,18,60,28,2,28,158,16'49.069,88'04.394,16'49.285,88'04.391,mixed,3,80,3,ebb,near,near,123,x,2,266,5,5,,,retrrieved alive,,,,,
159,7/3/2016,7/3/2016,7/3/2016,9:47:00,10:07:00,72,82,TRUE,B,18,5,28,2,28,159,16'49.069,88'04.394,16'49.285,88'04.391,mixed,3,80,3,ebb,near,near,123,x,2,266,5,5,,,retrrieved alive,,,,,
160,7/3/2016,7/3/2016,7/3/2016,10:29:00,10:49:00,82,78,TRUE,A,18,2,28,2,28,160,16'49.285,88'04.391,16'49.387,88'04.377,mixed,3,80,3,ebb,near,near,124,x,18,119,5,5,,redeployment wp 125,retrrieved alive,,,,,
161,7/3/2016,7/3/2016,7/3/2016,10:29:00,10:49:00,82,78,TRUE,B,18,11,28,2,28,161,16'49.285,88'04.391,16'49.387,88'04.377,mixed,3,80,3,ebb,near,near,124,x,18,119,5,5,,redeployment wp 125,not retrieved,,,,,
162,7/3/2016,7/3/2016,7/3/2016,11:37:00,11:57:00,82,283,TRUE,A,18,1,28,2,28,162,16'49.136,88'04.310,16'49.257,88'04.291,mixed,3,90,3,ebb,near,near,126,x,13,265,5,5,,,retrrieved alive,,,,,
163,7/3/2016,7/3/2016,7/3/2016,11:37:00,11:57:00,82,283,TRUE,B,18,43,28,2,28,163,16'49.136,88'04.310,16'49.257,88'04.291,mixed,3,90,3,ebb,near,near,126,x,13,265,3,1,,,retrrieved alive,,,,,
164,7/3/2016,7/3/2016,7/3/2016,12:21:00,12:41:00,72,278,TRUE,A,18,7,28,2,28,164,16'49.257,88'04.291,x,x,mixed,3,90,3,ebb,far,far*,127,x,27,152,4,4,,end wp 128,retrrieved alive,,,,,
165,7/3/2016,7/3/2016,7/3/2016,12:21:00,12:41:00,72,278,TRUE,B,18,9,28,2,28,165,16'49.257,88'04.291,x,x,mixed,3,90,3,ebb,far,far*,127,x,27,152,5,5,,end wp 128,retrrieved alive,,,,,
166,7/4/2016,7/4/2016,7/4/2016,13:59:00,14:19:00,63,276,TRUE,A,18,2,10,18,43,166,16'49.094,88'04.422,16'49.128,88'04.489,cloudy,3,80,2,ebb,near,near,1281,x,257,259,5,5,,larva in 13:56, drop 13:52, wp a little to the east,retrieved alive,,,
167,7/4/2016,7/4/2016,7/4/2016,13:59:00,14:19:00,63,276,TRUE,B,18,3,10,18,43,167,16'49.094,88'04.422,16'49.128,88'04.489,cloudy,3,80,2,ebb,near,near,1281,x,257,259,5,5,,larva in 13:58, wp a little to the east,retrieved alive,,,,
168,7/4/2016,7/4/2016,7/4/2016,14:44:00,15:04:00,52,278,TRUE,A,18,4,12,10,39,168,16'49.128,88'04.489,x,x,cloudy,3,80,2,ebb,near,near,129,x,275,55,4,2,,larva in 14:30, drop 14:32,retrieved alive,,,,
169,7/4/2016,7/4/2016,7/4/2016,14:44:00,15:04:00,52,278,TRUE,A,18,5,12,10,39,169,16'49.128,88'04.489,x,x,cloudy,3,80,2,ebb,near,near,129,x,275,55,5,5,,larva in 14:42, final wp 130,retrieved alive,,,,
170,2016-07-05-1,7/5/2016,7/5/2016,10:55:00,11:15:00,61,86,TRUE,A,18,2,26,19,35,170,16'49.092,88.04.400,16'49.154,88'04.421,clear,4,65,3,ebb,near,near,1301,x,324,89,4,4,y,larva in 10:44, drop 10:46, larva kinda acting funny and had a strange chin bump, barracuda nearby,,,
171,2016-07-05-1,7/5/2016,7/5/2016,10:55:00,11:15:00,61,86,TRUE,B,18,3,26,19,35,171,16'49.092,88.04.400,16'49.154,88'04.421,clear,4,65,3,ebb,near,near,1301,x,324,89,5,5,y,larva in 10:51, barracuda nearby,,,,,
172,2016-07-05-1,7/5/2016,7/5/2016,11:39:00,11:59:00,72,89,TRUE,A,18,1,26,19,35,172,16'49.154,88'04.421,x,x,clear,4,110,3,ebb,near,near,131,x,309,50,5,5,y,wp132 end, larva in 11:24, drop 11:26, lots of small fishes,,,
173,2016-07-05-1,7/5/2016,7/5/2016,11:39:00,11:59:00,72,89,TRUE,B,18,4,26,19,35,173,16'49.154,88'04.421,x,x,clear,4,110,3,ebb,near,near,131,x,309,50,5,5,y,wp132 end, larva in 11:37, lots of small fishes,,,,
174,2016-07-05-2,7/5/2016,7/5/2016,14:21:00,14:41:00,71,271,TRUE,A,18,5,30,2,28,174,16'49.216,88'04.321,16'49.256,88'04.473,mixed,2,60,2,ebb,near,near,133,x,358,28,5,5,y,larva in 14:13, drop 14:15, lots of small fishes,,,,
175,2016-07-05-2,7/5/2016,7/5/2016,14:21:00,14:41:00,71,271,TRUE,B,18,7,28,16,33,175,16'49.216,88'04.321,16'49.256,88'04.473,mixed,2,60,2,ebb,near,near,133,x,358,28,5,5,y,larva in 14:19, lots of small fishes,,,,,
176,2016-07-05-2,7/5/2016,7/5/2016,15:07:00,15:27:00,60,273,TRUE,A,18,8,30,2,28,176,16'49.256,88'04.473,x,x,mixed,2,70,2,ebb,near,near,134,x,79,17,4,4,y,wp135 end, larva in 14:55, drop 14:57, lots of small fishes,,,
177,2016-07-05-2,7/5/2016,7/5/2016,15:07:00,15:27:00,60,273,TRUE,B,18,9,30,2,28,177,16'49.256,88'04.473,x,x,mixed,2,70,2,ebb,near,near,134,x,79,17,5,5,y,wp135 end, larva in 15:05, lots of small fishes,,,,
178,7/7/2016,7/7/2016,7/7/2016,14:15:00,14:35:00,81,136,TRUE,A,18,2,16,5,37,178,16'49.075,88'04.355,16'49.081,88'04.373,cloudy,3,60,3,ebb,near,near,141,142,272,25,4,1,y,larva 14:06, drop 14:08,,,,,
179,7/7/2016,7/7/2016,7/7/2016,14:15:00,14:35:00,81,136,TRUE,B,18,1,16,5,37,179,16'49.075,88'04.355,16'49.081,88'04.373,cloudy,3,60,3,ebb,near,near,141,142,272,25,5,5,y,larva 14:13,,,,,,
180,7/7/2016,7/7/2016,7/7/2016,15:05:00,15:25:00,81,222,TRUE,A,18,3,16,5,37,180,16'49.071,88'04.403,16'49.080,88'04.408,cloudy,3,60,3,ebb,near,near,143,144,121,30,5,5,y,"larva 14:48, drop 15:50",,,,,,
181,7/7/2016,7/7/2016,7/7/2016,15:50:00,16:10:00,71,251,TRUE,A,18,9,28,19,35,181,16'49.047,88'04.422,16'48.996,88'04.456,cloudy,3,60,3,ebb,near,near,145,146,209,98,5,5,y,wp147 end day, larva 15:37, drop 15:39, pilotfish,,,
182,7/7/2016,7/7/2016,7/7/2016,15:50:00,16:10:00,71,251,TRUE,B,18,8,28,19,35,182,16'49.047,88'04.422,16'48.996,88'04.456,cloudy,3,60,3,ebb,near,near,145,146,209,98,5,4,y,wp 147 end day, larva 15:48, pilotfish,,,,
183,2016-07-11-1,7/11/2016,7/11/2016,10:50:00,11:10:00,-10,91,FALSE,A,18,2,18,11,40,183,16'49.168,88'04.344,16'49.266,88'04.361,light clouds,3,90,3,flood,near,near,158,159,351,138,5,5,y,larva 1038, drop 1039,,,,,
184,2016-07-11-1,7/11/2016,7/11/2016,10:50:00,11:10:00,-10,91,FALSE,B,18,3,18,11,40,184,16'49.168,88'04.344,16'49.266,88'04.361,light clouds,3,90,3,flood,near,near,158,159,351,138,5,5,y,larva 1048,,,,,,
185,2016-07-11-1,7/11/2016,7/11/2016,11:36:00,11:56:00,1,94,TRUE,A,18,1,18,11,40,185,16'49.299,88'04.360,wp161,wp161,mixed,3,90,3,flood,near,near,160,161,346,111,4,2,y,larva 1121, drop 1123,,,,,
186,2016-07-11-1,7/11/2016,7/11/2016,11:36:00,11:56:00,1,94,TRUE,B,18,4,18,21,41,186,16'49.299,88'04.360,wp161,wp161,mixed,3,90,3,flood,near,near,160,161,346,111,5,5,y,larva 1132,,,,,,
187,2016-07-11-2,7/11/2016,7/11/2016,14:10:00,14:30:00,35,109,TRUE,A,18,7,18,21,41,187,16'49.175,88'04.353,16'49.192,88'04.358,cloudy,4,90,3,flood,near,near,162,163,326,33,4,3,y,larva 1402, drop 1404,,,,,
188,2016-07-11-2,7/11/2016,7/11/2016,14:10:00,14:30:00,35,109,TRUE,B,18,5,18,21,41,188,16'49.175,88'04.353,16'49.192,88'04.358,cloudy,4,90,3,flood,near,near,162,163,326,33,5,1,y,larva 1408,,,,,,
189,2016-07-11-2,7/11/2016,7/11/2016,15:00:00,15:20:00,45,114,TRUE,A,18,8,18,21,41,189,16'49.302,88'04.342,16'49.316,88'04.408,cloudy,4,90,4,flood,near,near,164,165,310,35,5,5,y,larva 1444, drop 1446,,,,,
190,2016-07-11-2,7/11/2016,7/11/2016,15:00:00,15:20:00,45,114,TRUE,B,18,9,18,21,41,190,16'49.302,88'04.342,16'49.316,88'04.408,cloudy,4,90,4,flood,near,near,164,165,310,35,0,0,y,larva 1457, DEAD WHEN DEPLOYED,,,,,
191,7/13/2016,7/13/2016,7/13/2016,13:02:00,13:22:00,-1,101,FALSE,A,18,1,20,21,41,191,16'49.192,88'04.380,16'49.225,88'04.416,mixed,3,80,3,flood,near,near,166,167,324,84,4,1,y,larva 1253, drop 1255,,,,,
192,7/13/2016,7/13/2016,7/13/2016,13:02:00,13:22:00,-1,101,FALSE,B,18,5,20,21,41,192,16'49.192,88'04.380,16'49.225,88'04.416,mixed,3,80,3,flood,near,near,166,167,324,84,4,5,y,larva 1300,,,,,,
193,7/13/2016,7/13/2016,7/13/2016,13:46:00,14:06:00,8,105,TRUE,A,18,2,20,21,41,193,16'49.325,88'04.396,16'49.388,88'04.448,mixed,4,90,3,flood,near,near,168,169,335,110,4,5,y,larva 1334, drop 1336,,,,,
194,7/13/2016,7/13/2016,7/13/2016,13:46:00,14:06:00,8,105,TRUE,B,18,4,20,21,41,194,16'49.325,88'04.396,16'49.388,88'04.448,mixed,4,90,3,flood,near,near,168,169,335,110,4,3,y,larva 1345,,,,,,
195,7/13/2016,7/13/2016,7/13/2016,14:39:00,14:59:00,19,109,TRUE,A,18,7,20,21,41,195,16'49.560,88'04.462,16'49.617,88'04.446,clear,4,80,3,flood,near,near,170,171,16,105,4,4,y,larva 1420, drop 1422,,,,,
196,7/13/2016,7/13/2016,7/13/2016,14:39:00,14:59:00,19,109,TRUE,B,18,3,20,21,41,196,16'49.560,88'04.462,16'49.617,88'04.446,clear,4,80,3,flood,near,near,170,171,16,105,3,0,y,larva 1438,,,,,,
197,7/14/2016,7/14/2016,7/14/2016,9:12:00,9:32:00,-65,85,FALSE,A,9,1,18,12,46,197,16'49.135,88'04.328,16'49.169,88'04.322,mixed,1,75,2,ebb,near,near,173,174,1,46,5,2,y,larva 904,,,,,,
198,7/14/2016,7/14/2016,7/14/2016,9:12:00,9:32:00,-65,85,FALSE,B,9,1,18,12,46,198,16'49.135,88'04.328,16'49.169,88'04.322,mixed,1,75,2,ebb,near,near,173,174,1,46,5,5,y,,,,,,,
199,7/14/2016,7/14/2016,7/14/2016,9:51:00,10:11:00,-57,89,FALSE,A,9,3,18,12,46,199,16'49.229,88'04.306,16'49.253,88'04.303,light clouds,2,80,2,ebb,near,near,175,176,9,42,5,5,y,larva 941,,,,,,
200,7/14/2016,7/14/2016,7/14/2016,9:51:00,10:11:00,-57,89,FALSE,B,9,2,18,12,46,200,16'49.229,88'04.306,16'49.253,88'04.303,light clouds,2,80,2,ebb,near,near,175,176,9,42,5,0,y,,,,,,,
201,7/14/2016,7/14/2016,7/14/2016,10:50:00,11:10:00,-43,93,FALSE,A,9,5,18,12,46,201,16'49.216,88'04.357,16'49.251,88'04.374,light clouds,2,80,2,ebb,near,near,178,179,335,72,3,5,y,redeployed before this deploy, larva 1040,,,,,
202,7/14/2016,7/14/2016,7/14/2016,10:50:00,11:10:00,-43,93,FALSE,B,9,4,18,12,46,202,16'49.216,88'04.357,16'49.251,88'04.374,light clouds,2,80,2,ebb,near,near,178,179,335,72,5,4,y,,,,,,,
203,7/14/2016,7/14/2016,7/14/2016,11:23:00,11:43:00,-36,95,FALSE,A,9,9,18,12,46,203,16'49.309,88'04.376,16'49.336,88'04.370,cloudy,2,80,2,ebb,near,near,glitched,180,,,4,3,y,school of tuna at the DISC, start wp messed up ,,,,,
204,7/15/2016,7/15/2016,7/15/2016,8:50:00,9:10:00,-82,83,FALSE,A,9,7,22,21,41,204,16'49.092,88'04.463,16'49.123,88'04.444,mixed,2,90,2,ebb,near,near,182,183,28,77,5,5,y,larva 845,,,,,,
205,7/15/2016,7/15/2016,7/15/2016,8:50:00,9:10:00,-82,83,FALSE,B,9,4,22,21,41,205,16'49.092,88'04.463,16'49.123,88'04.444,mixed,2,90,2,ebb,near,near,182,183,28,77,5,5,y,,,,,,,
206,7/15/2016,7/15/2016,7/15/2016,9:26:00,9:46:00,-74,89,FALSE,A,9,8,22,21,41,206,16'49.166,88'04.455,16'49.190,88'04.449,mixed,2,90,2,ebb,near,near,184,185,12,44,5,5,y,larva 919,,,,,,
207,7/15/2016,7/15/2016,7/15/2016,9:26:00,9:46:00,-74,89,FALSE,B,9,60,22,21,41,207,16'49.166,88'04.455,16'49.190,88'04.449,mixed,2,90,2,ebb,near,near,184,185,12,44,5,5,y,,,,,,,
208,7/15/2016,7/15/2016,7/15/2016,10:01:00,10:21:00,-65,91,FALSE,A,9,2,22,21,41,208,16'49.232,88'04.457,16'49.261,88'04.449,clear,1,90,2,ebb,near,near,186,187,14,54,4,3,y,larva 954,,,,,,
209,7/15/2016,7/15/2016,7/15/2016,10:01:00,10:21:00,-65,91,FALSE,B,9,5,22,21,41,209,16'49.232,88'04.457,16'49.261,88'04.449,clear,1,90,2,ebb,near,near,186,187,14,54,5,5,y,,,,,,,
210,7/15/2016,7/15/2016,7/15/2016,10:41:00,11:01:00,-56,94,FALSE,A,9,3,22,21,41,210,16'49.316,88'04.448,16'49.356,88'04.438,mixed,2,80,2,ebb,near,near,188,189,14,75,5,5,y,larva 1031,,,,,,
211,7/15/2016,7/15/2016,7/15/2016,10:41:00,11:01:00,-56,94,FALSE,B,9,9,22,21,41,211,16'49.316,88'04.448,16'49.356,88'04.438,mixed,2,80,2,ebb,near,near,188,189,14,75,4,4,y,,,,,,,
212,7/15/2016,7/15/2016,7/15/2016,11:16:00,11:36:00,-48,95,FALSE,B,9,1,22,21,41,212,16'49.386,88'04.451,16'49.430,88'04.426,mixed,2,90,2,ebb,near,near,190,191,29,93,4,2,y,end waypoint slightly off (in time, and thus space),,,,,
213,7/16/2016,7/16/2016,7/16/2016,9:48:00,10:08:00,-79,95,FALSE,A,18,2,6,5,56,213,16'49.129,88'04.372,16'49.168,88'04.392,light clouds,4,80,3,ebb,near,near,1911,192,333,80,4,1,y,larva 939, drop 940,,,,,
214,7/16/2016,7/16/2016,7/16/2016,9:48:00,10:08:00,-79,95,FALSE,B,18,1,6,5,56,214,16'49.129,88'04.372,16'49.168,88'04.392,light clouds,4,80,3,ebb,near,near,1911,192,333,80,5,5,y,larva 946,,,,,,
215,7/16/2016,7/16/2016,7/16/2016,10:40:00,11:00:00,-68,95,FALSE,A,18,4,6,5,56,215,16'49.264,88'04.379,16'49.319,88'04.411,mixed,4,70,3,ebb,near,near,193,194,330,114,5,5,y,larva 1026, drop 1028,,,,,
216,7/16/2016,7/16/2016,7/16/2016,10:40:00,11:00:00,-68,95,FALSE,B,18,5,6,5,56,216,16'49.264,88'04.379,16'49.319,88'04.411,mixed,4,70,3,ebb,near,near,193,194,330,114,4,4,y,larva 1038,,,,,,
217,7/16/2016,7/16/2016,7/16/2016,11:26:00,11:46:00,-57,96,FALSE,A,18,8,4,11,64,217,16'49.405,88'04.388,16'49.460,88'04.426,clear,4,80,3,ebb,near,near,195,glitched,,,4,4,y,larva 1112, drop 1113,,,,,
218,7/16/2016,7/16/2016,7/16/2016,11:26:00,11:46:00,-57,96,FALSE,B,18,9,4,11,64,218,16'49.405,88'04.388,16'49.460,88'04.426,clear,4,80,3,ebb,near,near,195,glitched,,,5,5,y,larva 1124,,,,,,
219,7/18/2016,7/18/2016,7/18/2016,9:15:00,9:35:00,-70,263,FALSE,A,18,9,8,8,59,219,16'49.229,88'04.357,16'49.271,88'04.341,light clouds,2,90,2,ebb,near,near,196,197,20,82,4,2,y,larva 907, drop 909,,,,,
220,7/18/2016,7/18/2016,7/18/2016,9:15:00,9:35:00,-70,263,FALSE,B,18,11,8,8,59,220,16'49.229,88'04.357,16'49.271,88'04.341,light clouds,2,90,2,ebb,near,near,196,197,20,82,4,1,y,larva 913,,,,,,
221,7/18/2016,7/18/2016,7/18/2016,9:57:00,10:17:00,-80,260,FALSE,A,18,2,8,8,59,221,16'49.367,88'04.329,16'49.352,88'04.366,mixed,2,70,2,ebb,near,near,199,200,277,66,4,4,y,larva 944, drop 946,,,,,
222,7/18/2016,7/18/2016,7/18/2016,9:57:00,10:17:00,-80,260,FALSE,B,18,3,8,8,59,222,16'49.367,88'04.329,16'49.352,88'04.366,mixed,2,70,2,ebb,near,near,199,200,277,66,4,2,y,larva 955,,,,,,
223,7/18/2016,7/18/2016,7/18/2016,10:39:00,10:59:00,-88,218,FALSE,A,18,5,8,8,59,223,16'49.406,88'04.381,wp202?,wp202?,mixed,2,70,2,ebb,near,near,201,202,348,100,5,5,y,larva 2017, drop 1029, unsure about end waypoint,,,,
224,7/18/2016,7/18/2016,7/18/2016,10:39:00,10:59:00,-88,218,FALSE,B,18,8,8,8,59,224,16'49.406,88'04.381,wp202?,wp202?,mixed,2,70,2,ebb,near,near,201,202,348,100,4,1,y,larva 1037, unsure about end waypoint,,,,,
225,7/18/2016,7/18/2016,7/18/2016,11:36:00,11:56:00,-78,99,FALSE,A,18,7,8,8,59,225,wp202?,wp202?,16'49.566,88'04.418,mixed,2,70,2,ebb,near,near,203,204,339,139,4,1,y,no record larva and drop, unsure about start waypoint,,,,,
226,7/18/2016,7/18/2016,7/18/2016,11:36:00,11:56:00,-78,99,FALSE,B,18,4,8,8,59,226,wp202?,wp202?,16'49.566,88'04.418,mixed,2,70,2,ebb,near,near,203,204,339,139,4,2,y,no record of larva in, unsure about start waypoint,,,,,
227,7/19/2016,7/19/2016,7/19/2016,9:42:00,10:02:00,-64,265,FALSE,A,18,8,8,14,63,227,16'49.102,88'04.344,16'49.107,88'04.352,light clouds,2,80,2,ebb,near,near,2041,205,296,17,5,5,y,larva 935, drop 937,,,,,
228,7/19/2016,7/19/2016,7/19/2016,9:42:00,10:02:00,-64,265,FALSE,B,18,5,8,14,63,228,16'49.102,88'04.344,16'49.107,88'04.352,light clouds,2,80,2,ebb,near,near,2041,205,296,17,5,5,y,larva 941,,,,,,
229,7/19/2016,7/19/2016,7/19/2016,10:23:00,10:43:00,-74,266,FALSE,A,18,3,8,14,63,229,16'49.081,88'04.355,16'49.065,88'04.367,cloudy,2,80,2,ebb,near,near,206,207,218,37,5,5,y,larva 1011, drop 1013,,,,,
230,7/19/2016,7/19/2016,7/19/2016,10:23:00,10:43:00,-74,266,FALSE,B,18,7,8,14,63,230,16'49.081,88'04.355,16'49.065,88'04.367,cloudy,2,80,2,ebb,near,near,206,207,218,37,5,2,y,larva 1021,,,,,,
231,7/19/2016,7/19/2016,7/19/2016,11:06:00,11:26:00,-84,265,FALSE,A,18,2,8,14,63,231,16'48.999,88'04.388,16'49.001,88'04.414,light clouds,2,80,2,ebb,near,near,208,209,274,47,2,2,y,larva 1054, drop 1056,,,,,
232,7/19/2016,7/19/2016,7/19/2016,11:06:00,11:26:00,-84,265,FALSE,B,18,4,8,14,63,232,16'48.999,88'04.388,16'49.001,88'04.414,light clouds,2,80,2,ebb,near,near,208,209,274,47,4,5,y,larva 1104,,,,,,
233,7/19/2016,7/19/2016,7/19/2016,11:51:00,12:11:00,-86,96,FALSE,B,18,1,8,14,63,233,16'48.885,88'04.441,16'48.948,88'04.438,cloudy,2,80,2,ebb,near,near,210,211,167,224,5,5,y,larva 1148,,,,,,
234,7/20/2016,7/20/2016,7/20/2016,11:09:00,11:29:00,-72,272,FALSE,A,18,3,10,2,55,234,16'49.234,88'04.323,16'49.273,88'04.333,cloudy,2,120,2,ebb,near,near,212,213,348,84,5,5,y,larva 1058, drop 1059,,,,,
235,7/20/2016,7/20/2016,7/20/2016,11:09:00,11:29:00,-72,272,FALSE,B,18,9,10,2,55,235,16'49.234,88'04.323,16'49.273,88'04.333,cloudy,2,120,2,ebb,near,near,212,213,348,84,5,5,y,larva 1107,,,,,,
236,7/20/2016,7/20/2016,7/20/2016,11:52:00,12:12:00,-82,280,FALSE,A,18,1,10,2,55,236,16'49.392,88'04.327,16'49.430,88'04.317,cloudy,2,120,2,ebb,near,near,214,215,15,73,3,0,y,larva 1139, drop 1141, large plankter in chamber,,,,
237,7/20/2016,7/20/2016,7/20/2016,11:52:00,12:12:00,-82,280,FALSE,B,18,4,10,2,55,237,16'49.392,88'04.327,16'49.430,88'04.317,cloudy,2,120,2,ebb,near,near,214,215,15,73,5,5,y,larva 1149,,,,,,
238,7/20/2016,7/20/2016,7/20/2016,13:38:00,13:48:00,-74,86,FALSE,A,18,7,10,2,55,238,16'49.081,88'04.346,16'49.126,88'04.356,light clouds,2,160,2,ebb,near,near,216,217,349,90,3,2,y,larva 1318, drop 1320,,,,,
239,7/20/2016,7/20/2016,7/20/2016,13:38:00,13:48:00,-74,86,FALSE,B,18,60,10,2,55,239,16'49.081,88'04.346,16'49.126,88'04.356,light clouds,2,160,2,ebb,near,near,216,217,349,90,5,5,y,larva 1326, first attempt larva was dead in vial,,,,,
240,7/20/2016,7/20/2016,7/20/2016,14:13:00,14:44:00,-66,89,FALSE,A,18,5,10,2,55,240,16'49.129,88'.04.356,16'49.294,88'04.424,cloudy,2,90,2,ebb,near,near,218,219,342,172,5,5,y,larva 1359, drop 1401, end wp a little off,,,,
241,7/20/2016,7/20/2016,7/20/2016,14:13:00,14:44:00,-66,89,FALSE,B,18,2,10,2,55,241,16'49.129,88'.04.356,16'49.294,88'04.424,cloudy,2,90,2,ebb,near,near,218,219,342,172,5,5,y,larva 1411, first attempt larva was dead in vial, end wp a little off,,,,
242,7/24/2016,7/24/2016,7/24/2016,12:58:00,13:18:00,-46,287,FALSE,A,18,43,18,9,47,242,16'49.427,88'04.031,16'49.511,88'04.065,light clouds,3,90,3,ebb,far,far,2191,220,338,166,3,2,y,larva 1247, drop 1251,,,,,
243,7/24/2016,7/24/2016,7/24/2016,12:58:00,13:18:00,-46,287,FALSE,B,18,60,18,9,47,243,16'49.427,88'04.031,16'49.511,88'04.065,light clouds,3,90,3,ebb,far,far,2191,220,338,166,5,5,y,larva 1256,,,,,,
244,7/24/2016,7/24/2016,7/24/2016,13:44:00,14:04:00,-55,296,FALSE,A,18,8,18,9,47,244,16'49.716,88'04.036,16'49.796,88'04.055,mixed,3,90,3,ebb,far,far,221,222,346,154,4,x,y,larva 1329, drop 1331,,,,,
245,7/24/2016,7/24/2016,7/24/2016,13:44:00,14:04:00,-55,296,FALSE,B,18,4,18,9,47,245,16'49.716,88'04.036,16'49.796,88'04.055,mixed,3,90,3,ebb,far,far,221,222,346,154,3,0,y,larva 1342,,,,,,
246,7/24/2016,7/24/2016,7/24/2016,14:28:00,14:48:00,-64,308,FALSE,A,18,7,18,9,47,246,16'50.040,88'04.008,16'50.137,88'04.010,mixed,3,90,3,ebb,far,far,223,224,359,179,5,5,y,larva 1418, drop 1420,,,,,
247,7/24/2016,7/24/2016,7/24/2016,14:28:00,14:48:00,-64,308,FALSE,B,18,12,18,9,47,247,16'50.040,88'04.008,16'50.137,88'04.010,mixed,3,90,3,ebb,far,far,223,224,359,179,5,0,y,larva 1427,,,,,,
248,7/24/2016,7/24/2016,7/24/2016,15:14:00,15:34:00,-70,329,FALSE,A,18,2,18,9,47,248,16'50.338,88'03.956,16'50.687,88'03.966,clear,3,80,3,ebb,far,far,225,226,356,218,3,2,y,larva 1500, drop 1502,,,,,
249,7/24/2016,7/24/2016,7/24/2016,15:14:00,15:34:00,-70,329,FALSE,B,18,9,18,9,47,249,16'50.338,88'03.956,16'50.687,88'03.966,clear,3,80,3,ebb,far,far,225,226,356,218,3,3,y,larva 1521, 1 dead in vial before, THREE dead in vial at next attempt,,,,
250,7/25/2016,7/25/2016,7/25/2016,14:33:00,14:53:00,-52,301,FALSE,A,18,2,16,18,53,250,16'49.130,88'04.346,16'49.270,88'04.364,mixed,3,70,3,ebb,near,near,228,229,352,262,5,5,y,larva 1425, drop 1427,,,,,
251,7/25/2016,7/25/2016,7/25/2016,14:33:00,14:53:00,-52,301,FALSE,B,18,5,16,18,53,251,16'49.130,88'04.346,16'49.270,88'04.364,mixed,3,70,3,ebb,near,near,228,229,352,262,5,5,y,larva 1431,,,,,,
252,7/25/2016,7/25/2016,7/25/2016,15:27:00,15:47:00,-62,318,FALSE,A,18,4,16,18,53,252,16'49.525,88'04.341,16'49.623,88'04.344,mixed,3,70,3,ebb,near,near,231,232,359,177,5,3,y,larva 1503, drop 1505,,,,,
253,7/25/2016,7/25/2016,7/25/2016,15:27:00,15:47:00,-62,318,FALSE,B,18,12,16,18,53,253,16'49.525,88'04.341,16'49.623,88'04.344,mixed,3,70,3,ebb,near,near,231,232,359,177,5,5,y,larva 1526,,,,,,
254,7/25/2016,7/25/2016,7/25/2016,16:18:00,16:38:00,-68,343,FALSE,A,18,11,16,18,53,254,16'49.77,88'04.335,16'49.880,88'04.330,mixed,3,70,3,ebb,near,near,233,234,3,190,5,5,y,larva 1559, drop 1602,,,,,
255,7/25/2016,7/25/2016,7/25/2016,16:18:00,16:38:00,-68,343,FALSE,B,18,8,16,18,53,255,16'49.77,88'04.335,16'49.880,88'04.330,mixed,3,70,3,ebb,near,near,233,234,3,190,5,5,y,larva 1616,,,,,,
256,7/26/2016,7/26/2016,7/26/2016,15:21:00,15:41:00,-49,306,FALSE,A,9,4,20,9,47,256,16'48.791,88'04.418,16'48.804,88'04.429,clear,3,90,3,ebb*,near,near,2341,235,320,32,3,0,y,larva 1514, larva eaten by a jellyfish!!!,,,,,
257,7/26/2016,7/26/2016,7/26/2016,15:21:00,15:41:00,-49,306,FALSE,B,9,9,20,9,47,257,16'48.791,88'04.418,16'48.804,88'04.429,clear,3,90,3,ebb*,near,near,2341,235,320,32,5,5,y,,,,,,,
258,7/26/2016,7/26/2016,7/26/2016,15:58:00,16:18:00,-55,316,FALSE,A,9,5,20,9,47,258,16'48.796,88'04.454,16'48.789,88'04.466,clear,3,90,3,ebb,near,near,236,237,239,24,5,5,y,larva 1551,,,,,,
259,7/26/2016,7/26/2016,7/26/2016,15:58:00,16:18:00,-55,316,FALSE,B,9,6,20,9,47,259,16'48.796,88'04.454,16'48.789,88'04.466,clear,3,90,3,ebb,near,near,236,237,239,24,5,5,y,,,,,,,
260,7/26/2016,7/26/2016,7/26/2016,16:33:00,16:53:00,-60,328,FALSE,A,9,8,20,9,47,260,16'48.747,88'04.462,16'48.711,88'04.480,clear,3,70,3,ebb,near,near,238,239,205,76,3,2,y,larva 1627,,,,,,
261,7/26/2016,7/26/2016,7/26/2016,16:33:00,16:53:00,-60,238,FALSE,B,9,3,20,9,47,261,16'48.747,88'04.462,16'48.711,88'04.480,clear,3,70,3,ebb,near,near,238,239,205,76,5,5,y,,,,,,,
262,7/26/2016,7/26/2016,7/26/2016,17:12:00,17:32:00,-63,346,FALSE,A,9,1,20,9,47,262,16'48.685,88'04.507,16'48.617,88'04.531,clear,3,90,3,ebb,near,near,240,241,198,134,5,0,y,larva 1702,,,,,,
263,7/26/2016,7/26/2016,7/26/2016,17:12:00,17:32:00,-63,346,FALSE,B,9,2,20,9,47,263,16'48.685,88'04.507,16'48.617,88'04.531,clear,3,90,3,ebb,near,near,240,241,198,134,4,4,y,,,,,,,
264,7/27/2016,7/27/2016,7/27/2016,13:21:00,13:41:00,-11,286,FALSE,A,18,9,18,17,52,264,16'49.037,88'04.360,16'49.163,88'04.362,mixed,3,90,3,flood,near,near,2411,242,359,233,4,3,y,larva 1313, drop 1315,,,,,
265,7/27/2016,7/27/2016,7/27/2016,13:21:00,13:41:00,-11,286,FALSE,B,18,3,18,17,52,265,16'49.037,88'04.360,16'49.163,88'04.362,mixed,3,90,3,flood,near,near,2411,242,359,233,5,5,y,larva 1320,,,,,,
266,7/27/2016,7/27/2016,7/27/2016,14:12:00,14:32:00,-22,291,FALSE,A,18,12,18,17,52,266,16'49.305,88'04.340,16'49.445,88'04.351,mixed,3,90,3,flood,near,near,243,244,356,259,4,3,y,strange behavior, might be an OK deployment despite Bout of 3, larva 1356, drop 1358,,,
267,7/27/2016,7/27/2016,7/27/2016,14:12:00,14:32:00,-22,291,FALSE,B,18,8,18,17,52,267,16'49.305,88'04.340,16'49.445,88'04.351,mixed,3,90,3,flood,near,near,243,244,356,259,3,2,y,larva 1410,,,,,,
268,7/27/2016,7/27/2016,7/27/2016,14:59:00,15:19:00,-32,297,FALSE,A,18,4,18,17,52,268,16'49.563,88'04.354,16'49.657,88'04.339,clear,3,90,3,flood,near,near,245,246,8,172,5,5,y,larva 1447, drop 1449,,,,,
269,7/27/2016,7/27/2016,7/27/2016,14:59:00,15:19:00,-32,297,FALSE,B,18,11,18,17,52,269,16'49.563,88'04.354,16'49.657,88'04.339,clear,3,90,3,flood,near,near,245,246,8,172,4,2,y,larva 1457,,,,,,
270,2016-07-28-1,7/28/2016,7/28/2016,8:44:00,9:04:00,66,268,TRUE,A,18,8,20,4,50,270,16'49.161,88'04.093,16'49.283,88'04.112,mixed,3,70,3,ebb,far,far,247,248,351,228,5,5,y,larva 836, drop 838,,,,,
271,2016-07-28-1,7/28/2016,7/28/2016,8:44:00,9:04:00,66,268,TRUE,B,18,4,20,4,50,271,16'49.161,88'04.093,16'49.283,88'04.112,mixed,3,70,3,ebb,far,far,247,248,351,228,5,5,y,larva 843,,,,,,
272,2016-07-28-1,7/28/2016,7/28/2016,9:25:00,9:45:00,56,271,TRUE,A,18,11,20,4,50,272,16'49.395,88'04.102,16'49.517,88.04.117,cloudy,3,90,3,ebb,far,far,249,250,353,221,5,0,y,larva 913, drop 915, dead fish in vial first try ,,,,
273,2016-07-28-1,7/28/2016,7/28/2016,9:25:00,9:45:00,56,271,TRUE,B,18,1,20,4,50,273,16'49.395,88'04.102,16'49.517,88.04.117,cloudy,3,90,3,ebb,far,far,249,250,353,221,5,5,y,larva 924, fish nearby,,,,,
274,2016-07-28-1,7/28/2016,7/28/2016,10:06:00,10:26:00,46,274,TRUE,A,18,3,20,4,50,274,16'49.666,88'04.115,16'49.779,88'04.110,mixed,3,90,3,ebb,far,far,251,252,2,206,5,5,y,larva 954, drop 955,,,,,
275,2016-07-28-1,7/28/2016,7/28/2016,10:06:00,10:26:00,46,274,TRUE,B,18,9,20,4,50,275,16'49.666,88'04.115,16'49.779,88'04.110,mixed,3,90,3,ebb,far,far,251,252,2,206,5,5,y,larva 1005,,,,,,
276,2016-07-28-1,7/28/2016,7/28/2016,10:40:00,11:00:00,38,276,TRUE,B,18,6,20,4,50,276,16'49.830,88'04.104,16'50.018,88'04.080,mixed,3,90,3,ebb,far,far*,253,254,7,350,4,3,y,larva 10:39,,,,,,
277,2016-07-28-2,7/28/2016,7/28/2016,13:52:00,14:12:00,-5,287,FALSE,A,18,4,22,9,47,277,16'49.117,88'04.321,16'49.337,88'04.319,mixed,2,80,3,flood,near,near,256,257,1,406,5,5,y,larva 1346, drop 1347,,,,,
278,2016-07-28-2,7/28/2016,7/28/2016,13:52:00,14:12:00,-5,287,FALSE,B,18,1,22,9,47,278,16'49.117,88'04.321,16'49.337,88'04.319,mixed,2,80,3,flood,near,near,256,257,1,406,4,4,y,larva 1351,,,,,,
279,2016-07-28-2,7/28/2016,7/28/2016,14:37:00,14:57:00,-15,291,FALSE,A,18,9,22,9,47,279,16'49.533,88'04.287,16'49.772,88'04.292,clear,2,80,3,flood,near,near,258,259,359,441,5,0,y,larva 1420, drop 1421, got sqished in chamber lid and deployment migth be OK for most of duration,,,,
280,2016-07-28-2,7/28/2016,7/28/2016,14:37:00,14:57:00,-15,291,FALSE,B,18,6,22,9,47,280,16'49.533,88'04.287,16'49.772,88'04.292,clear,2,80,3,flood,near,near,258,259,359,441,5,5,y,larva 1436,,,,,,
281,2016-07-28-2,7/28/2016,7/28/2016,15:24:00,15:44:00,-25,296,FALSE,A,18,43,22,9,47,281,16'49.984,88'04.265,16'50.175,88'04.244,mixed,2,60,3,flood,near,near*,260,261,5,355,5,5,y,larva 1511, larva 1513,,,,,
282,2016-07-28-2,7/28/2016,7/28/2016,15:24:00,15:44:00,-25,296,FALSE,B,18,12,22,9,47,282,16'49.984,88'04.265,16'50.175,88'04.244,mixed,2,60,3,flood,near,near*,260,261,5,355,4,5,y,larva 1523,,,,,,
283,2016-07-28-2,7/28/2016,7/28/2016,16:42:00,17:02:00,-40,308,FALSE,A,18,5,22,9,47,283,16'49.234,88'04.383,16'49.368,88'04.376,mixed,2,90,3,flood,near,near,262,263,4,246,4,3,y,larva 1628, drop 1629,,,,,
284,2016-07-28-2,7/28/2016,7/28/2016,16:42:00,17:02:00,-40,308,FALSE,B,18,2,22,9,47,284,16'49.234,88'04.383,16'49.368,88'04.376,mixed,2,90,3,flood,near,near,262,263,4,246,2,3,y,larva 1640,,,,,,
285,7/29/2016,7/29/2016,7/29/2016,7:56:00,8:16:00,N/A,N/A,N/A,A,9,4,20,17,52,285,16'49.054,88'04.349,16'49.126,88'04.356,mixed,4,100,3,ebb,near,near,2631,264,354,125,4,4,y,larva 7:52,,,,,,
286,7/29/2016,7/29/2016,7/29/2016,7:56:00,8:16:00,N/A,N/A,N/A,B,9,9,20,17,52,286,16'49.054,88'04.349,16'49.126,88'04.356,mixed,4,100,3,ebb,near,near,2631,264,354,125,4,5,y,,,,,,,
287,7/29/2016,7/29/2016,7/29/2016,8:30:00,8:50:00,82,272,TRUE,A,9,12,20,17,52,287,16'49.195,88'04.376,16'49.272,88'04.388,mixed,4,90,3,ebb,near,near,265,266,351,142,5,5,y,larva 822,,,,,,
288,7/29/2016,7/29/2016,7/29/2016,8:30:00,8:50:00,82,272,TRUE,B,9,2,20,17,52,288,16'49.195,88'04.376,16'49.272,88'04.388,mixed,4,90,3,ebb,near,near,265,266,351,142,5,5,y,,,,,,,
289,7/29/2016,7/29/2016,7/29/2016,9:05:00,9:25:00,74,273,TRUE,A,18,5,20,17,52,289,16'49.359,88'04.399,16'49.415,88'04.421,mixed,4,100,3,ebb,near,near,267,268,338,109,5,0,y,larva 857, drop 858,,,,,
290,7/29/2016,7/29/2016,7/29/2016,9:05:00,9:25:00,74,273,TRUE,B,18,8,20,17,52,290,16'49.359,88'04.399,16'49.415,88'04.421,mixed,4,100,3,ebb,near,near,267,268,338,109,5,0,y,larva 903,,,,,,
291,7/29/2016,7/29/2016,7/29/2016,9:52:00,10:12:00,63,275,TRUE,A,18,6,20,17,52,291,16'49.569,88'04.420,16'49.622,88'04.422,mixed,4,70,3,ebb,near,near,269,270,357,99,5,4,y,larva 939, drop 940,,,,,
292,7/29/2016,7/29/2016,7/29/2016,9:52:00,10:12:00,63,275,TRUE,B,18,1,20,17,52,292,16'49.569,88'04.420,16'49.622,88'04.422,mixed,4,70,3,ebb,near,near,269,270,357,99,5,4,y,larva 950,,,,,,
293,7/30/2016,7/30/2016,7/30/2016,9:40:00,10:00:00,79,279,TRUE,A,18,1,18,19,65,293,16'49.133,88'04.210,16'49.221,88'04.195,mixed,4,90,4,ebb,far,far,2691,2701,9,163,5,5,y,,,,,,,
294,7/30/2016,7/30/2016,7/30/2016,9:40:00,10:00:00,79,279,TRUE,B,18,31,22,4,50,294,16'49.133,88'04.210,16'49.221,88'04.195,mixed,4,90,4,ebb,far,far,2691,2701,9,163,5,5,y,,,,,,,
295,7/31/2016,7/31/2016,7/31/2016,7:58:00,8:18:00,64,83,TRUE,A,18,9,20,20,62,295,16'49.148,88'04.120,16'49.257,88'04.158,mixed,2,90,2,ebb,far,far,2702,271,341,211,5,5,y,larva 750, drop 751,,,,,
296,7/31/2016,7/31/2016,7/31/2016,7:58:00,8:18:00,64,83,TRUE,B,18,1,20,20,62,296,16'49.148,88'04.120,16'49.257,88'04.158,mixed,2,90,2,ebb,far,far,2702,271,341,211,5,4,y,larva 756,,,,,,
297,7/31/2016,7/31/2016,7/31/2016,8:34:00,8:54:00,72,82,TRUE,A,18,3,20,20,62,297,16'49.338,88'04.148,16'49.450,88'04.196,light clouds,2,100,2,ebb,far,far,272,273,337,225,5,1,y,larva 828, drop 828,,,,,
298,7/31/2016,7/31/2016,7/31/2016,8:34:00,8:54:00,72,82,TRUE,B,18,2,20,20,62,298,16'49.338,88'04.148,16'49.450,88'04.196,light clouds,2,100,2,ebb,far,far,272,273,337,225,5,4,y,larva 833,,,,,,
299,7/31/2016,7/31/2016,7/31/2016,9:36:00,9:56:00,86,65,TRUE,A,18,6,20,20,62,299,16'49.106,88'04'.333,16'49.212,88'04.377,light clouds,2,90,2,ebb,near,near,274,275,338,209,5,4,y,larva 930, drop 931,,,,,
300,7/31/2016,7/31/2016,7/31/2016,9:36:00,9:56:00,86,65,TRUE,B,18,6,20,20,62,300,16'49.106,88'04'.333,16'49.212,88'04.377,light clouds,2,90,2,ebb,near,near,274,275,338,209,5,4,n,larva 935, camera found turned off when we recovered the larvae,,,,,
301,7/31/2016,7/31/2016,7/31/2016,10:24:00,10:44:00,82,282,TRUE,A,18,7,20,20,62,301,16'49.380,88'04.388,16'49.467,88'04.437,mixed,2,90,2,ebb,near,near,276,277,331,180,5,4,y,larva 1005, drop 1006,,,,,
302,7/31/2016,7/31/2016,7/31/2016,10:24:00,10:44:00,82,282,TRUE,B,18,5,20,20,62,302,16'49.380,88'04.388,16'49.467,88'04.437,mixed,2,90,2,ebb,near,near,276,277,331,180,4,4,y,new camera for this deployment,,,,,,
303,7/31/2016,7/31/2016,7/31/2016,11:09:00,11:29:00,72,277,TRUE,A,18,8,20,20,62,303,16'49.555,88'04.388,16'49.662,88'04.439,clear,2,90,2,ebb,near,near,278,279,335,217,5,5,y,larva 1055, drop 1057,,,,,
304,7/31/2016,7/31/2016,7/31/2016,11:09:00,11:29:00,72,277,TRUE,B,18,50,20,15,61,304,16'49.555,88'04.388,16'49.662,88'04.439,clear,2,90,2,ebb,near,near,278,279,335,217,5,5,y,larva 1107,,,,,,
305,8/1/2016,8/1/2016,8/1/2016,8:59:00,9:19:00,65,85,TRUE,A,18,11,22,13,60,305,16'49.040,88'04.072,16'49.141,88'04.092,light clouds,2,100,2,ebb,far,far,280,281,349,188,5,5,y,larva 845, drop 850,,,,,
306,8/1/2016,8/1/2016,8/1/2016,8:59:00,9:19:00,65,85,TRUE,B,18,8,22,13,60,306,16'49.040,88'04.072,16'49.141,88'04.092,light clouds,2,100,2,ebb,far,far,280,281,349,188,5,3,y,larva 858,,,,,,
307,8/1/2016,8/1/2016,8/1/2016,9:38:00,9:58:00,74,86,TRUE,A,18,50,22,13,60,307,16'49.221,88'04.098,16'49.221,88'04.127,light clouds,2,100,2,ebb,far,far,282,283,347,249,5,3,y,larva 928, drop 929,,,,,
308,8/1/2016,8/1/2016,8/1/2016,9:38:00,9:58:00,74,86,TRUE,B,18,9,22,13,60,308,16'49.221,88'04.098,16'49.221,88'04.127,light clouds,2,100,2,ebb,far,far,282,283,347,249,5,5,y,larva 936,,,,,,
309,8/1/2016,8/1/2016,8/1/2016,10:25:00,10:45:00,84,85,TRUE,A,18,43,22,13,60,309,16'49.488,88'04.086,16'49.625,88'04.125,light clouds,2,100,2,ebb,far,far,284,285,344,259,5,5,y,larva 1007, drop 1009,,,,,
310,8/1/2016,8/1/2016,8/1/2016,10:25:00,10:45:00,84,85,TRUE,B,18,5,22,13,60,310,16'49.488,88'04.086,16'49.625,88'04.125,light clouds,2,100,2,ebb,far,far,284,285,344,259,5,5,y,larva1023,,,,,,
311,8/2/2016,8/2/2016,8/2/2016,6:19:00,6:39:00,16,78,TRUE,A,18,11,24,17,52,311,16'48.956,88'04.314,16'49.073,88'04.286,mixed,2,330,4,ebb,far,far*,287,288,14,211,5,0,y,larva 613, drop 615,,,,,
312,8/2/2016,8/2/2016,8/2/2016,6:19:00,6:39:00,16,78,TRUE,B,18,21,24,17,52,312,16'48.956,88'04.214,16'49.073,88'04.286,mixed,2,330,4,ebb,far,far*,287,288,14,211,5,1,y,larva 618,,,,,,
313,8/2/2016,8/2/2016,8/2/2016,7:18:00,7:38:00,29,81,TRUE,A,18,6,24,17,52,313,16'48.860,88'04.2249,16'48.953,88'04.324,light clouds,2,330,4,ebb,far,far,289,290,15,176,5,4,y,larav 711, drop 713, redeployed beforehand,,,,
314,8/2/2016,8/2/2016,8/2/2016,7:18:00,7:38:00,29,81,TRUE,B,18,7,24,17,52,314,16'48.860,88'04.249,16'48.953,88'04.324,light clouds,2,330,4,ebb,far,far,289,290,15,176,5,5,y,larva 717, redeployed beforehand,,,,,
315,8/2/2016,8/2/2016,8/2/2016,8:21:00,8:41:00,43,85,TRUE,A,18,5,24,17,52,315,16'48.874,88'04.224,16'48.952,88'04.202,light clouds,2,340,4,ebb,far,far,291,292,15,151,5,5,y,larva 812, drop 813, redeployed beforehand,,,,
316,8/2/2016,8/2/2016,8/2/2016,8:21:00,8:41:00,43,85,TRUE,B,18,7,24,17,52,316,16'48.874,88'04.224,16'48.952,88'04.302,light clouds,2,340,4,ebb,far,far,291,292,15,151,5,5,y,larva 819, redeployed beforehand,,,,,
317,8/7/2016,8/7/2016,8/7/2016,15:25:00,15:45:00,69,175,TRUE,A,18,8,12,3,67,317,16'49.009,88'04.260,16'49.025,88'04.273,mixed,2,90,2,ebb,near,near,293,294,322,38,5,5,y,larva 1523,,,,,,
318,8/9/2016,8/9/2016,8/9/2016,6:13:00,6:33:00,-67,73,FALSE,A,18,21,12,21,71,318,16'49.176,88'04.450,16'49.166,88'04.471,mixed,3,100,2,ebb,near,near,2941,295,247,40,5,5,y,larva 559, larva 606,,,,,
319,8/9/2016,8/9/2016,8/9/2016,6:13:00,6:33:00,-67,73,FALSE,B,18,4,12,21,71,319,16'49.176,88'04.450,16'49.166,88'04.471,mixed,3,100,2,ebb,near,near,2941,295,247,40,5,5,y,larva 6111,,,,,,
320,8/9/2016,8/9/2016,8/9/2016,7:09:00,7:29:00,-54,82,FALSE,A,18,6,12,21,71,320,16'49.345,88'04.491,16'49.360,88'04.505,mixed,3,100,2,ebb,near,near,296,297,248,27,4,3,y,larva 646, drop 648, camera may have foggy but was cleaned after this deploy,,,,
321,8/9/2016,8/9/2016,8/9/2016,7:09:00,7:29:00,-54,82,FALSE,B,18,2,12,21,71,321,16'49.345,88'04.491,16'49.360,88'04.505,mixed,3,100,2,ebb,near,near,296,297,248,27,3,2,y,larva 708, school of tuna by DISC,,,,,
322,8/9/2016,8/9/2016,8/9/2016,8:36:00,8:56:00,-34,90,FALSE,A,18,7,12,21,71,322,16'49.301,88'04.374,16'49.349,88'04.395,clear,4,90,4,flood,near,near,298,299,358,88,2,2,y,larva 828, drop 829,,,,,
323,8/9/2016,8/9/2016,8/9/2016,8:36:00,8:56:00,-34,90,FALSE,B,18,43,12,21,71,323,16'49.301,88'04.374,16'49.349,88'04.395,clear,4,90,4,flood,near,near,298,299,358,88,2,2,y,larva 834,,,,,,
324,8/10/2016,8/10/2016,8/10/2016,17:02:00,17:22:00,58,161,TRUE,A,18,2,12,9,72,324,16'49.131,88'04.408,16'49.142,88'04.401,clear,4,40,4,ebb,near,near,300,301,31,24,4,5,y,larva 1650, drop 1652,,,,,
325,8/10/2016,8/10/2016,8/10/2016,17:02:00,17:22:00,58,161,TRUE,B,18,7,12,9,72,325,16'49.131,88'04.408,16'49.142,88'04.401,clear,4,40,4,ebb,near,near,300,301,31,24,5,x,y,larva 1700, larva escaped but might have been good deployment,,,,,
326,8/14/2016,8/14/2016,8/14/2016,9:03:00,9:23:00,-83,104,FALSE,A,18,4,2,17,76,326,16'49.099,88'04.348,16'49.093,88'04.314,mixed,2,90,1,ebb,near,near,301,302,102,62,4,x,y,larva 854, drop 856, missing larva!,,,,
327,8/14/2016,8/14/2016,8/14/2016,9:03:00,9:23:00,-83,104,FALSE,B,18,12,2,17,76,327,16'49.099,88'04.348,16'49.093,88'04.314,mixed,2,90,1,ebb,near,near,301,302,102,62,5,0,y,larva 902,,,,,,
328,8/14/2016,8/14/2016,8/14/2016,10:13:00,10:33:00,-67,97,FALSE,A,18,60,2,17,76,328,16'48.998,88'04.476,16'48.941,88'04.488,mixed,2,90,0,ebb,near,near,303,304,192,118,4,4,y,larva 1006, drop 1013, attempted a double drop since DISCs were close, start of a redeploy,,,
329,8/14/2016,8/14/2016,8/14/2016,10:13:00,10:33:00,-67,97,FALSE,B,18,2,2,17,76,329,16'48.998,88'04.476,16'48.941,88'04.488,mixed,2,90,0,ebb,near,near,303,304,192,118,5,5,y,larva 1010, drop 1012, attempted a double drop since DISCs were close, start of a redeploy,,,
330,8/14/2016,8/14/2016,8/14/2016,10:58:00,11:18:00,-57,98,FALSE,A,18,50,2,17,76,330,16'49.011,88'04.494,16'49.123,88'04.498,mixed,2,90,1,ebb,near,near,305,306,x,x,5,5,y,larva 1050, drop 1053, gps points look weird,,,,
331,8/14/2016,8/14/2016,8/14/2016,10:58:00,11:18:00,-57,98,FALSE,B,18,17,2,17,76,331,16'49.011,88'04.494,16'49.123,88'04.498,mixed,2,90,1,ebb,near,near,305,306,x,x,5,5,y,larva 1056, drop 1058, gps points look word,,,,
332,8/14/2016,8/14/2016,8/14/2016,11:47:00,12:07:00,-46,99,FALSE,A,18,3,2,17,76,332,16'49.093,88'04.501,16'49.077,88'04.507,clear,2,90,1,ebb,near,near,307,308,196,33,5,5,y,larva 1141, drop 1146, another double drop,,,,
333,8/14/2016,8/14/2016,8/14/2016,11:47:00,12:07:00,-46,99,FALSE,B,18,43,2,17,76,333,16'49.093,88'04.501,16'49.077,88'04.507,clear,2,90,1,ebb,near,near,307,308,196,33,5,5,y,larva 1144, drop 1147, another double-drop,,,,
334,2016-08-15-1,8/15/2016,8/15/2016,8:52:00,9:12:00,-83,261,FALSE,A,18,3,2,16,79,334,16'49.040,88'04.443,16'49.027,88'04.436,mixed,3,90,1,ebb,near,near,3081,309,153,27,4,5,y,larva 841, drop 852,,,,,
335,2016-08-15-1,8/15/2016,8/15/2016,8:52:00,9:12:00,-83,261,FALSE,B,18,21,2,16,79,335,16'49.040,88'04.443,16'49.027,88'04.436,mixed,3,90,1,ebb,near,near,3081,309,153,27,5,x,y,larva 849, drop 851, larva escaped!,,,,
336,2016-08-15-1,8/15/2016,8/15/2016,9:54:00,10:14:00,-83,99,FALSE,A,18,1,2,16,79,336,16'49.033,88'04.432,16'48.990,88'04.448,mixed,3,90,1,ebb,near,near,310,311,200,86,5,0,y,larva 929, drop 932, dead larva, larva in chamber very cold when raised ,,,
337,2016-08-15-1,8/15/2016,8/15/2016,9:54:00,10:14:00,-83,99,FALSE,B,18,43,2,16,79,337,16'49.033,88'04.432,16'48.990,88'04.448,mixed,3,90,1,ebb,near,near,310,311,200,86,4,5,y,larva 952, drop 954, water in chamber very cold when raised,,,,
338,2016-08-15-1,8/15/2016,8/15/2016,10:40:00,11:00:00,-73,96,FALSE,A,18,31,2,16,79,338,16'49.005,88'04.475,16'48.973,88'04.495,mixed,2,90,1,ebb,near,near,312,313,211,71,5,x,n,larva 1053, drop 1040, larva escaped, camera battery low!,,,
339,2016-08-15-1,8/15/2016,8/15/2016,10:40:00,11:00:00,-73,96,FALSE,B,18,12,2,16,79,339,16'49.005,88'04.475,16'48.973,88'04.495,mixed,2,90,1,ebb,near,near,312,313,211,71,5,x,n,larva 1038, drop 1040, larva escaped, camera battery low!,,,
340,2016-08-15-2,8/15/2016,8/15/2016,11:36:00,11:56:00,-60,96,FALSE,B,18,50,2,16,79,340,16'49.010,88'04.518,wp315,,light clouds,3,90,1,ebb,near,near,314,315,159,7,4,5,n,larva 1122, drop 1136, new camera but SD card filled up, dive boat around,,,
341,2016-08-15-2,8/15/2016,8/15/2016,11:36:00,11:56:00,-60,96,FALSE,A,18,7,2,16,79,341,16'49.010,88'04.518,wp315,,light clouds,3,90,1,ebb,near,near,314,315,159,7,5,5,n,larva 1132, drop 1136, new camera but turned off in water, dive boat around,,,
342,8/16/2016,8/16/2016,8/16/2016,8:59:00,9:19:00,-72,269,FALSE,A,18,43,4,17,76,342,16'48.811,88'04.477,16'48.726,88'04.489,mixed,4,90,3,ebb,near,near,3151,317,188,160,3,2,y,larva 855, drop 859, seemed irritated,,,,
343,8/16/2016,8/16/2016,8/16/2016,8:59:00,9:19:00,-72,269,FALSE,B,18,12,4,17,76,343,16'48.811,88'04.477,16'48.726,88'04.489,mixed,4,90,3,ebb,near,near,3151,317,188,160,5,5,y,larva 857,,,,,,
344,8/16/2016,8/16/2016,8/16/2016,9:41:00,10:01:00,-82,273,FALSE,A,18,21,4,17,76,344,16'48.612,88'04.491,16'48.504,88'04.519,mixed,4,90,3,ebb,near,near,318,319,193,208,5,5,y,larva 931, drop 941,,,,,
345,8/16/2016,8/16/2016,8/16/2016,9:41:00,10:01:00,-82,273,FALSE,B,18,3,4,17,76,345,16'48.612,88'04.491,16'48.504,88'04.519,mixed,4,90,3,ebb,near,near,318,319,193,208,4,1,y,larva 938, drop 941,,,,,
346,8/16/2016,8/16/2016,8/16/2016,10:24:00,10:44:00,-88,68,FALSE,A,18,1,4,17,76,346,16'48.370,88'04.528,16'48.311,88'04.564,mixed,4,90,3,ebb,near,near,320,321,210,131,4,3,y,larva 1018, drop 1024, seemed irritated,,,,
347,8/16/2016,8/16/2016,8/16/2016,10:24:00,10:44:00,-88,68,FALSE,B,18,11,4,17,76,347,16'48.370,88'04.528,16'48.311,88'04.564,mixed,4,90,3,ebb,near,near,320,321,210,131,3,x,y,larva 1021, seemed irritated, missing at end, redeployed and change camera on disc B,,,
348,8/16/2016,8/16/2016,8/16/2016,11:40:00,12:00:00,-71,90,FALSE,A,18,2,4,17,76,348,16'48.876,88'04.434,16'48.776,88'04.465,mixed,4,90,3,ebb,near,near,322,323,196,195,5,5,y,larva 1131, drop 1133,,,,,
349,2016-08-16-2,8/16/2016,8/16/2016,11:40:00,12:00:00,-71,90,FALSE,B,18,6,4,17,76,349,16'48.876,88'04.434,16'48.776,88'04.465,mixed,4,90,3,ebb,near,near,322,323,196,195,5,5,y,larva 1138, new cam,,,,,
350,8/16/2016,8/16/2016,8/16/2016,12:46:00,13:06:00,-56,94,FALSE,A,18,4,4,17,76,350,16'48.631,88'04.486,wp325,,light clouds,4,90,3,ebb,near,near,324,325,197,151,4,5,y,larva 1221, drop 1223,,,,,
351,2016-08-16-2,8/16/2016,8/16/2016,12:46:00,13:06:00,-56,94,FALSE,B,18,4,4,17,76,351,16'48.631,88'04.486,wp325,,light clouds,4,90,3,ebb,near,near,324,325,197,151,5,5,y,larva 1244, drop 1246,,,,,
352,8/17/2016,8/17/2016,8/17/2016,9:30:00,9:50:00,-67,274,FALSE,A,18,43,2,19,81,352,16'48.891,88'04.413,16'48.753,88'04.432,light clouds,4,90,4,ebb,near,near,326,327,186,260,4,4,y,larva 922, drop 930,,,,,
353,8/17/2016,8/17/2016,8/17/2016,9:30:00,9:50:00,-67,274,FALSE,B,18,31,2,19,81,353,16'48.891,88'04.413,16'48.753,88'04.432,light clouds,4,90,4,ebb,near,near,326,327,186,260,4,4,y,larva 928, drop 930,,,,,
354,8/17/2016,8/17/2016,8/17/2016,10:24:00,10:44:00,-79,285,FALSE,A,18,60,2,19,81,354,16'48.417,88'04.480,16'48.302,88'04.482,cloudy,4,90,4,ebb,near,near,328,329,180,220,4,5,y,larva 1021, drop 1024,,,,,
355,8/17/2016,8/17/2016,8/17/2016,10:24:00,10:44:00,-79,285,FALSE,B,18,17,2,19,81,355,16'48.417,88'04.480,16'48.302,88'04.482,cloudy,4,90,4,ebb,near,near,328,329,180,220,4,4,y,,,,,,,
356,2016-08-18-1,8/18/2016,8/18/2016,9:17:00,9:37:00,-51,274,FALSE,A,18,4,6,17,76,356,16'48.933,88'04.475,16'48.827,88'04.485,clear,3,60,3,ebb,near,near,330,331,186,201,5,5,y,larva 908, drop 917,,,,,
357,2016-08-18-1,8/18/2016,8/18/2016,9:17:00,9:37:00,-51,274,FALSE,B,18,5,6,17,76,357,16'48.933,88'04.475,16'48.827,88'04.485,clear,3,60,3,ebb,near,near,330,331,186,201,5,5,y,larav 914, drop 917,,,,,
358,2016-08-18-1,8/18/2016,8/18/2016,10:02:00,10:22:00,-61,279,FALSE,A,18,12,6,17,76,358,16'48.668,88'04.467,16'48.556,88'04.480,clear,3,80,3,ebb,near,near,332,333,186,216,5,5,y,larva 951, drop 1002,,,,,
359,2016-08-18-1,8/18/2016,8/18/2016,10:02:00,10:22:00,-61,279,FALSE,B,18,31,6,17,76,359,16'48.668,88'04.467,16'48.556,88'04.480,clear,3,80,3,ebb,near,near,332,333,186,216,5,5,y,larva 958, drop 1002,,,,,
360,2016-08-18-1,8/18/2016,8/18/2016,10:48:00,11:08:00,-71,288,FALSE,A,18,3,6,17,76,360,16'48.395,88'04.449,16'48.300,88'04.443,clear,3,90,3,ebb,near,near,334,335,177,179,5,5,y,larva 1038, drop 1048,,,,,
361,2016-08-18-1,8/18/2016,8/18/2016,10:48:00,11:08:00,-71,288,FALSE,B,18,60,6,17,76,361,16'48.395,88'04.449,16'48.300,88'04.443,clear,3,90,3,ebb,near,near,334,335,177,179,5,5,y,larva 1046, drop 1048,,,,,
362,2016-08-18-1,8/18/2016,8/18/2016,11:37:00,11:57:00,-81,318,FALSE,A,18,5,6,17,76,362,16'48.126,88'04.429,16'47.991,88'04.430,mixed,3,90,3,ebb,near,near,336,337,180,251,5,5,y,larva 1134, drop 1137,,,,,
363,2016-08-18-1,8/18/2016,8/18/2016,11:37:00,11:57:00,-81,318,FALSE,B,18,7,6,17,76,363,16'48.126,88'04.429,16'47.991,88'04.430,mixed,3,90,3,ebb,near,near,336,337,280,251,5,5,y,larva 1127, drop 1137,,,,,
364,2016-08-18-2,8/18/2016,8/18/2016,13:24:00,13:44:00,-70,72,FALSE,A,18,6,4,20,80,364,16'48.891,88'04.453,16'48.787,88'04.474,mixed,2,90,3,ebb,near,near,338,339,189,195,5,5,y,larva 1317, drop 1324,,,,,
365,2016-08-18-2,8/18/2016,8/18/2016,13:24:00,13:44:00,-70,72,FALSE,B,18,17,4,20,80,365,16'48.891,88'04.453,16'48.787,88'04.474,mixed,2,90,3,ebb,near,near,338,339,189,195,5,5,y,larva 1321, drop 1324,,,,,
366,2016-08-18-2,8/18/2016,8/18/2016,14:12:00,14:32:00,-59,81,FALSE,A,18,4,4,20,80,366,16'48.613,88'04.478,16'48.516,88'04.487,mixed,2,90,3,ebb,near,near,340,341,185,184,5,5,y,,,,,,,
367,2016-08-18-2,8/18/2016,8/18/2016,14:12:00,14:32:00,-59,81,FALSE,B,18,5,4,20,80,367,16'48.613,88'04.478,16'48.516,88'04.487,mixed,2,90,3,ebb,near,near,340,341,185,184,5,4,y,,,,,,,
368,8/19/2016,8/19/2016,8/19/2016,9:30:00,9:50:00,-41,276,FALSE,A,18,4,6,21,78,x,16'49.096,88'04.456,16'49.035,88'04.462,mixed,3,70,2,ebb,near,near,3411,342,186,112,3,4,5,5,5,4,4,2,y,pics
369,8/19/2016,8/19/2016,8/19/2016,9:30:00,9:50:00,-41,276,FALSE,B,18,21,6,21,78,x,16'49.096,88'04.456,16'49.035,88'04.462,mixed,3,70,2,ebb,near,near,3411,342,186,112,3,3,4,5,5,4,4,2,y,pics
370,8/19/2016,8/19/2016,8/19/2016,10:30:00,10:50:00,-55,283,FALSE,B,18,6,6,21,78,x,16'48.896,88'04.503,16'48.845,88'04.516,cloudy,2,70,2,ebb,near,near,343,344,191,100,5,5,5,4,5,5,5,4,y,video
371,8/19/2016,8/19/2016,8/19/2016,10:30:00,10:50:00,-55,283,FALSE,A,18,2,6,21,78,x,16'48.896,88'04.503,16'48.845,88'04.516,cloudy,2,70,2,ebb,near,near,343,344,191,100,5,5,4,2,5,5,4,2,y,video
